protocol,split,replicate,severity,tier,cell,component,seed
mve3-v2-approved-2026-07-18,pilot,0,1,controlled,shared,o_collection_root,3961828661610766823
mve3-v2-approved-2026-07-18,pilot,0,1,controlled,shared,non_o_collection_root,11883025937117164457
mve3-v2-approved-2026-07-18,pilot,0,1,controlled,shared,evaluation_root,5058452689349382272
mve3-v2-approved-2026-07-18,pilot,0,1,controlled,none,cell_identity,9604425510065447699
mve3-v2-approved-2026-07-18,pilot,0,1,controlled,p,cell_identity,6328510159366838126
mve3-v2-approved-2026-07-18,pilot,0,1,controlled,k,cell_identity,11084550119870144730
mve3-v2-approved-2026-07-18,pilot,0,1,controlled,o,cell_identity,17723023676821156183
mve3-v2-approved-2026-07-18,pilot,0,1,controlled,pk,cell_identity,18207918095545172918
mve3-v2-approved-2026-07-18,pilot,0,1,controlled,po,cell_identity,12445588674054647959
mve3-v2-approved-2026-07-18,pilot,0,1,controlled,ko,cell_identity,2098574725954866693
mve3-v2-approved-2026-07-18,pilot,0,1,controlled,pko,cell_identity,7367808182435659980
mve3-v2-approved-2026-07-18,pilot,0,1,learned,shared,o_collection_root,6958014114642421499
mve3-v2-approved-2026-07-18,pilot,0,1,learned,shared,non_o_collection_root,11883025937117164457
mve3-v2-approved-2026-07-18,pilot,0,1,learned,shared,evaluation_root,5058452689349382272
mve3-v2-approved-2026-07-18,pilot,0,1,learned,none,cell_identity,607260604863310588
mve3-v2-approved-2026-07-18,pilot,0,1,learned,p,cell_identity,16233705780396579183
mve3-v2-approved-2026-07-18,pilot,0,1,learned,k,cell_identity,16055103155280988588
mve3-v2-approved-2026-07-18,pilot,0,1,learned,o,cell_identity,13938866334660808938
mve3-v2-approved-2026-07-18,pilot,0,1,learned,pk,cell_identity,13516908057425783394
mve3-v2-approved-2026-07-18,pilot,0,1,learned,po,cell_identity,420405450272803438
mve3-v2-approved-2026-07-18,pilot,0,1,learned,ko,cell_identity,18432109830827033406
mve3-v2-approved-2026-07-18,pilot,0,1,learned,pko,cell_identity,12727607324106724557
mve3-v2-approved-2026-07-18,pilot,0,1,shuffled,shared,o_collection_root,6542876496159811855
mve3-v2-approved-2026-07-18,pilot,0,1,shuffled,shared,non_o_collection_root,11883025937117164457
mve3-v2-approved-2026-07-18,pilot,0,1,shuffled,shared,evaluation_root,5058452689349382272
mve3-v2-approved-2026-07-18,pilot,0,1,shuffled,none,cell_identity,15494023001639580306
mve3-v2-approved-2026-07-18,pilot,0,1,shuffled,p,cell_identity,1023828795958873501
mve3-v2-approved-2026-07-18,pilot,0,1,shuffled,k,cell_identity,11206720631630115591
mve3-v2-approved-2026-07-18,pilot,0,1,shuffled,o,cell_identity,15308147910129724269
mve3-v2-approved-2026-07-18,pilot,0,1,shuffled,pk,cell_identity,14687750891295558800
mve3-v2-approved-2026-07-18,pilot,0,1,shuffled,po,cell_identity,7003266448896412191
mve3-v2-approved-2026-07-18,pilot,0,1,shuffled,ko,cell_identity,15969240586098476678
mve3-v2-approved-2026-07-18,pilot,0,1,shuffled,pko,cell_identity,1607284299644130255
mve3-v2-approved-2026-07-18,pilot,0,1,anti,shared,o_collection_root,11876695291750566646
mve3-v2-approved-2026-07-18,pilot,0,1,anti,shared,non_o_collection_root,11883025937117164457
mve3-v2-approved-2026-07-18,pilot,0,1,anti,shared,evaluation_root,5058452689349382272
mve3-v2-approved-2026-07-18,pilot,0,1,anti,none,cell_identity,11453460926237556868
mve3-v2-approved-2026-07-18,pilot,0,1,anti,p,cell_identity,16779900360964334874
mve3-v2-approved-2026-07-18,pilot,0,1,anti,k,cell_identity,4647766311830852161
mve3-v2-approved-2026-07-18,pilot,0,1,anti,o,cell_identity,15295942192301920329
mve3-v2-approved-2026-07-18,pilot,0,1,anti,pk,cell_identity,9295777685492374694
mve3-v2-approved-2026-07-18,pilot,0,1,anti,po,cell_identity,14184942489759944364
mve3-v2-approved-2026-07-18,pilot,0,1,anti,ko,cell_identity,12369914771964975323
mve3-v2-approved-2026-07-18,pilot,0,1,anti,pko,cell_identity,16348798064429672305
mve3-v2-approved-2026-07-18,pilot,0,2,controlled,shared,o_collection_root,14638393993334843960
mve3-v2-approved-2026-07-18,pilot,0,2,controlled,shared,non_o_collection_root,11476019758758205342
mve3-v2-approved-2026-07-18,pilot,0,2,controlled,shared,evaluation_root,3210263491371055431
mve3-v2-approved-2026-07-18,pilot,0,2,controlled,none,cell_identity,2564440072203044771
mve3-v2-approved-2026-07-18,pilot,0,2,controlled,p,cell_identity,15122108816986351836
mve3-v2-approved-2026-07-18,pilot,0,2,controlled,k,cell_identity,13427748225585583689
mve3-v2-approved-2026-07-18,pilot,0,2,controlled,o,cell_identity,9215655596871041548
mve3-v2-approved-2026-07-18,pilot,0,2,controlled,pk,cell_identity,7265153402513886997
mve3-v2-approved-2026-07-18,pilot,0,2,controlled,po,cell_identity,2866229235633561483
mve3-v2-approved-2026-07-18,pilot,0,2,controlled,ko,cell_identity,3035157446546386192
mve3-v2-approved-2026-07-18,pilot,0,2,controlled,pko,cell_identity,13165163906670774862
mve3-v2-approved-2026-07-18,pilot,0,2,learned,shared,o_collection_root,16878450937387717596
mve3-v2-approved-2026-07-18,pilot,0,2,learned,shared,non_o_collection_root,11476019758758205342
mve3-v2-approved-2026-07-18,pilot,0,2,learned,shared,evaluation_root,3210263491371055431
mve3-v2-approved-2026-07-18,pilot,0,2,learned,none,cell_identity,1305911386848727830
mve3-v2-approved-2026-07-18,pilot,0,2,learned,p,cell_identity,8248192845368247790
mve3-v2-approved-2026-07-18,pilot,0,2,learned,k,cell_identity,16513961879828497220
mve3-v2-approved-2026-07-18,pilot,0,2,learned,o,cell_identity,8186157818297863233
mve3-v2-approved-2026-07-18,pilot,0,2,learned,pk,cell_identity,8137646323823283105
mve3-v2-approved-2026-07-18,pilot,0,2,learned,po,cell_identity,2440877147490326736
mve3-v2-approved-2026-07-18,pilot,0,2,learned,ko,cell_identity,3652350290909134168
mve3-v2-approved-2026-07-18,pilot,0,2,learned,pko,cell_identity,14786555277071694554
mve3-v2-approved-2026-07-18,pilot,0,2,shuffled,shared,o_collection_root,2388292819375102754
mve3-v2-approved-2026-07-18,pilot,0,2,shuffled,shared,non_o_collection_root,11476019758758205342
mve3-v2-approved-2026-07-18,pilot,0,2,shuffled,shared,evaluation_root,3210263491371055431
mve3-v2-approved-2026-07-18,pilot,0,2,shuffled,none,cell_identity,1297794724717554840
mve3-v2-approved-2026-07-18,pilot,0,2,shuffled,p,cell_identity,8315703329899014872
mve3-v2-approved-2026-07-18,pilot,0,2,shuffled,k,cell_identity,205059267912060681
mve3-v2-approved-2026-07-18,pilot,0,2,shuffled,o,cell_identity,3945732842874705211
mve3-v2-approved-2026-07-18,pilot,0,2,shuffled,pk,cell_identity,9216486746271946099
mve3-v2-approved-2026-07-18,pilot,0,2,shuffled,po,cell_identity,6199513095161954004
mve3-v2-approved-2026-07-18,pilot,0,2,shuffled,ko,cell_identity,4034516222385056589
mve3-v2-approved-2026-07-18,pilot,0,2,shuffled,pko,cell_identity,9524467097820677822
mve3-v2-approved-2026-07-18,pilot,0,2,anti,shared,o_collection_root,1119383000564494336
mve3-v2-approved-2026-07-18,pilot,0,2,anti,shared,non_o_collection_root,11476019758758205342
mve3-v2-approved-2026-07-18,pilot,0,2,anti,shared,evaluation_root,3210263491371055431
mve3-v2-approved-2026-07-18,pilot,0,2,anti,none,cell_identity,14054578281616560410
mve3-v2-approved-2026-07-18,pilot,0,2,anti,p,cell_identity,6618596460757152207
mve3-v2-approved-2026-07-18,pilot,0,2,anti,k,cell_identity,17533736548378342806
mve3-v2-approved-2026-07-18,pilot,0,2,anti,o,cell_identity,5229577339573937734
mve3-v2-approved-2026-07-18,pilot,0,2,anti,pk,cell_identity,7906991328680762859
mve3-v2-approved-2026-07-18,pilot,0,2,anti,po,cell_identity,16072402986906427568
mve3-v2-approved-2026-07-18,pilot,0,2,anti,ko,cell_identity,15456193976301805022
mve3-v2-approved-2026-07-18,pilot,0,2,anti,pko,cell_identity,2111258119800574123
mve3-v2-approved-2026-07-18,pilot,0,3,controlled,shared,o_collection_root,5500735693489374552
mve3-v2-approved-2026-07-18,pilot,0,3,controlled,shared,non_o_collection_root,9761822855859003720
mve3-v2-approved-2026-07-18,pilot,0,3,controlled,shared,evaluation_root,7184836655823400462
mve3-v2-approved-2026-07-18,pilot,0,3,controlled,none,cell_identity,4108162765769086536
mve3-v2-approved-2026-07-18,pilot,0,3,controlled,p,cell_identity,12933724155450932782
mve3-v2-approved-2026-07-18,pilot,0,3,controlled,k,cell_identity,6047597137113606361
mve3-v2-approved-2026-07-18,pilot,0,3,controlled,o,cell_identity,16572320857378377735
mve3-v2-approved-2026-07-18,pilot,0,3,controlled,pk,cell_identity,8248628727071964929
mve3-v2-approved-2026-07-18,pilot,0,3,controlled,po,cell_identity,4047282136667421410
mve3-v2-approved-2026-07-18,pilot,0,3,controlled,ko,cell_identity,1601386746424022890
mve3-v2-approved-2026-07-18,pilot,0,3,controlled,pko,cell_identity,4768636678006521430
mve3-v2-approved-2026-07-18,pilot,0,3,learned,shared,o_collection_root,1007893805903623084
mve3-v2-approved-2026-07-18,pilot,0,3,learned,shared,non_o_collection_root,9761822855859003720
mve3-v2-approved-2026-07-18,pilot,0,3,learned,shared,evaluation_root,7184836655823400462
mve3-v2-approved-2026-07-18,pilot,0,3,learned,none,cell_identity,2652456216670417161
mve3-v2-approved-2026-07-18,pilot,0,3,learned,p,cell_identity,12084985139519420704
mve3-v2-approved-2026-07-18,pilot,0,3,learned,k,cell_identity,7109540897475922752
mve3-v2-approved-2026-07-18,pilot,0,3,learned,o,cell_identity,12085899538200385523
mve3-v2-approved-2026-07-18,pilot,0,3,learned,pk,cell_identity,13516124529496438120
mve3-v2-approved-2026-07-18,pilot,0,3,learned,po,cell_identity,15317844057051240243
mve3-v2-approved-2026-07-18,pilot,0,3,learned,ko,cell_identity,7887207725417456206
mve3-v2-approved-2026-07-18,pilot,0,3,learned,pko,cell_identity,17809844440442728611
mve3-v2-approved-2026-07-18,pilot,0,3,shuffled,shared,o_collection_root,15473719137998033202
mve3-v2-approved-2026-07-18,pilot,0,3,shuffled,shared,non_o_collection_root,9761822855859003720
mve3-v2-approved-2026-07-18,pilot,0,3,shuffled,shared,evaluation_root,7184836655823400462
mve3-v2-approved-2026-07-18,pilot,0,3,shuffled,none,cell_identity,12995819073376259099
mve3-v2-approved-2026-07-18,pilot,0,3,shuffled,p,cell_identity,15680488032731702762
mve3-v2-approved-2026-07-18,pilot,0,3,shuffled,k,cell_identity,14247607556935474005
mve3-v2-approved-2026-07-18,pilot,0,3,shuffled,o,cell_identity,15145213538378360283
mve3-v2-approved-2026-07-18,pilot,0,3,shuffled,pk,cell_identity,5771543253909262074
mve3-v2-approved-2026-07-18,pilot,0,3,shuffled,po,cell_identity,8193088857759128285
mve3-v2-approved-2026-07-18,pilot,0,3,shuffled,ko,cell_identity,7009941190999700071
mve3-v2-approved-2026-07-18,pilot,0,3,shuffled,pko,cell_identity,11436131605359289874
mve3-v2-approved-2026-07-18,pilot,0,3,anti,shared,o_collection_root,9387579110547490966
mve3-v2-approved-2026-07-18,pilot,0,3,anti,shared,non_o_collection_root,9761822855859003720
mve3-v2-approved-2026-07-18,pilot,0,3,anti,shared,evaluation_root,7184836655823400462
mve3-v2-approved-2026-07-18,pilot,0,3,anti,none,cell_identity,1759340516395207842
mve3-v2-approved-2026-07-18,pilot,0,3,anti,p,cell_identity,16091842621015249972
mve3-v2-approved-2026-07-18,pilot,0,3,anti,k,cell_identity,7693322023017665976
mve3-v2-approved-2026-07-18,pilot,0,3,anti,o,cell_identity,9460014039985114454
mve3-v2-approved-2026-07-18,pilot,0,3,anti,pk,cell_identity,17802450682354940792
mve3-v2-approved-2026-07-18,pilot,0,3,anti,po,cell_identity,17721974256638465620
mve3-v2-approved-2026-07-18,pilot,0,3,anti,ko,cell_identity,6133806880650814153
mve3-v2-approved-2026-07-18,pilot,0,3,anti,pko,cell_identity,15748631652499382492
mve3-v2-approved-2026-07-18,pilot,1,1,controlled,shared,o_collection_root,3562573841314621211
mve3-v2-approved-2026-07-18,pilot,1,1,controlled,shared,non_o_collection_root,1495555110572082184
mve3-v2-approved-2026-07-18,pilot,1,1,controlled,shared,evaluation_root,11671095917377868872
mve3-v2-approved-2026-07-18,pilot,1,1,controlled,none,cell_identity,2139916499182564342
mve3-v2-approved-2026-07-18,pilot,1,1,controlled,p,cell_identity,1174129533137334996
mve3-v2-approved-2026-07-18,pilot,1,1,controlled,k,cell_identity,17191210899186952752
mve3-v2-approved-2026-07-18,pilot,1,1,controlled,o,cell_identity,1291605347809200989
mve3-v2-approved-2026-07-18,pilot,1,1,controlled,pk,cell_identity,1681764750599451203
mve3-v2-approved-2026-07-18,pilot,1,1,controlled,po,cell_identity,3812076972996064757
mve3-v2-approved-2026-07-18,pilot,1,1,controlled,ko,cell_identity,3408922167082701519
mve3-v2-approved-2026-07-18,pilot,1,1,controlled,pko,cell_identity,12149627837253150776
mve3-v2-approved-2026-07-18,pilot,1,1,learned,shared,o_collection_root,16002020889773505718
mve3-v2-approved-2026-07-18,pilot,1,1,learned,shared,non_o_collection_root,1495555110572082184
mve3-v2-approved-2026-07-18,pilot,1,1,learned,shared,evaluation_root,11671095917377868872
mve3-v2-approved-2026-07-18,pilot,1,1,learned,none,cell_identity,17263253228606241408
mve3-v2-approved-2026-07-18,pilot,1,1,learned,p,cell_identity,18244070506287447823
mve3-v2-approved-2026-07-18,pilot,1,1,learned,k,cell_identity,17857825893695508604
mve3-v2-approved-2026-07-18,pilot,1,1,learned,o,cell_identity,15848346047984388837
mve3-v2-approved-2026-07-18,pilot,1,1,learned,pk,cell_identity,13849159381544657349
mve3-v2-approved-2026-07-18,pilot,1,1,learned,po,cell_identity,15462967078645758935
mve3-v2-approved-2026-07-18,pilot,1,1,learned,ko,cell_identity,3026101602599771599
mve3-v2-approved-2026-07-18,pilot,1,1,learned,pko,cell_identity,18073746284206968842
mve3-v2-approved-2026-07-18,pilot,1,1,shuffled,shared,o_collection_root,13131354577408022357
mve3-v2-approved-2026-07-18,pilot,1,1,shuffled,shared,non_o_collection_root,1495555110572082184
mve3-v2-approved-2026-07-18,pilot,1,1,shuffled,shared,evaluation_root,11671095917377868872
mve3-v2-approved-2026-07-18,pilot,1,1,shuffled,none,cell_identity,11037416032292374092
mve3-v2-approved-2026-07-18,pilot,1,1,shuffled,p,cell_identity,7469073851783431272
mve3-v2-approved-2026-07-18,pilot,1,1,shuffled,k,cell_identity,14720629962600996033
mve3-v2-approved-2026-07-18,pilot,1,1,shuffled,o,cell_identity,15610389705139705072
mve3-v2-approved-2026-07-18,pilot,1,1,shuffled,pk,cell_identity,14081223103311877914
mve3-v2-approved-2026-07-18,pilot,1,1,shuffled,po,cell_identity,14249810765184929704
mve3-v2-approved-2026-07-18,pilot,1,1,shuffled,ko,cell_identity,10101383433649179800
mve3-v2-approved-2026-07-18,pilot,1,1,shuffled,pko,cell_identity,16556857500158554615
mve3-v2-approved-2026-07-18,pilot,1,1,anti,shared,o_collection_root,707246391115523418
mve3-v2-approved-2026-07-18,pilot,1,1,anti,shared,non_o_collection_root,1495555110572082184
mve3-v2-approved-2026-07-18,pilot,1,1,anti,shared,evaluation_root,11671095917377868872
mve3-v2-approved-2026-07-18,pilot,1,1,anti,none,cell_identity,11270413270173149643
mve3-v2-approved-2026-07-18,pilot,1,1,anti,p,cell_identity,5283422853259195316
mve3-v2-approved-2026-07-18,pilot,1,1,anti,k,cell_identity,5258117437146040812
mve3-v2-approved-2026-07-18,pilot,1,1,anti,o,cell_identity,17554212244058835398
mve3-v2-approved-2026-07-18,pilot,1,1,anti,pk,cell_identity,4321963539376385047
mve3-v2-approved-2026-07-18,pilot,1,1,anti,po,cell_identity,16225802750862490437
mve3-v2-approved-2026-07-18,pilot,1,1,anti,ko,cell_identity,14446095705223567788
mve3-v2-approved-2026-07-18,pilot,1,1,anti,pko,cell_identity,2944594734038528233
mve3-v2-approved-2026-07-18,pilot,1,2,controlled,shared,o_collection_root,16243473992012716112
mve3-v2-approved-2026-07-18,pilot,1,2,controlled,shared,non_o_collection_root,5841247479566639581
mve3-v2-approved-2026-07-18,pilot,1,2,controlled,shared,evaluation_root,6791742665214459031
mve3-v2-approved-2026-07-18,pilot,1,2,controlled,none,cell_identity,5394679894744641901
mve3-v2-approved-2026-07-18,pilot,1,2,controlled,p,cell_identity,3673916179431998920
mve3-v2-approved-2026-07-18,pilot,1,2,controlled,k,cell_identity,11861017021588754683
mve3-v2-approved-2026-07-18,pilot,1,2,controlled,o,cell_identity,14381431803337833280
mve3-v2-approved-2026-07-18,pilot,1,2,controlled,pk,cell_identity,17583038614969029156
mve3-v2-approved-2026-07-18,pilot,1,2,controlled,po,cell_identity,14624768423739682890
mve3-v2-approved-2026-07-18,pilot,1,2,controlled,ko,cell_identity,14386452394527314351
mve3-v2-approved-2026-07-18,pilot,1,2,controlled,pko,cell_identity,5019665279016709758
mve3-v2-approved-2026-07-18,pilot,1,2,learned,shared,o_collection_root,11553991542955143887
mve3-v2-approved-2026-07-18,pilot,1,2,learned,shared,non_o_collection_root,5841247479566639581
mve3-v2-approved-2026-07-18,pilot,1,2,learned,shared,evaluation_root,6791742665214459031
mve3-v2-approved-2026-07-18,pilot,1,2,learned,none,cell_identity,8390217065003320342
mve3-v2-approved-2026-07-18,pilot,1,2,learned,p,cell_identity,18442943384026873945
mve3-v2-approved-2026-07-18,pilot,1,2,learned,k,cell_identity,4573498831148757424
mve3-v2-approved-2026-07-18,pilot,1,2,learned,o,cell_identity,2243546298870757463
mve3-v2-approved-2026-07-18,pilot,1,2,learned,pk,cell_identity,15636620687275090023
mve3-v2-approved-2026-07-18,pilot,1,2,learned,po,cell_identity,9547495375421112674
mve3-v2-approved-2026-07-18,pilot,1,2,learned,ko,cell_identity,2779166089973776379
mve3-v2-approved-2026-07-18,pilot,1,2,learned,pko,cell_identity,9108741361843022502
mve3-v2-approved-2026-07-18,pilot,1,2,shuffled,shared,o_collection_root,5962660115536494944
mve3-v2-approved-2026-07-18,pilot,1,2,shuffled,shared,non_o_collection_root,5841247479566639581
mve3-v2-approved-2026-07-18,pilot,1,2,shuffled,shared,evaluation_root,6791742665214459031
mve3-v2-approved-2026-07-18,pilot,1,2,shuffled,none,cell_identity,7332063688062330968
mve3-v2-approved-2026-07-18,pilot,1,2,shuffled,p,cell_identity,1121592743216718641
mve3-v2-approved-2026-07-18,pilot,1,2,shuffled,k,cell_identity,18166784611182109280
mve3-v2-approved-2026-07-18,pilot,1,2,shuffled,o,cell_identity,18244672281676099760
mve3-v2-approved-2026-07-18,pilot,1,2,shuffled,pk,cell_identity,9776383396908414410
mve3-v2-approved-2026-07-18,pilot,1,2,shuffled,po,cell_identity,9560450678553934903
mve3-v2-approved-2026-07-18,pilot,1,2,shuffled,ko,cell_identity,3281681930930498190
mve3-v2-approved-2026-07-18,pilot,1,2,shuffled,pko,cell_identity,999528164635122019
mve3-v2-approved-2026-07-18,pilot,1,2,anti,shared,o_collection_root,17017484084363523833
mve3-v2-approved-2026-07-18,pilot,1,2,anti,shared,non_o_collection_root,5841247479566639581
mve3-v2-approved-2026-07-18,pilot,1,2,anti,shared,evaluation_root,6791742665214459031
mve3-v2-approved-2026-07-18,pilot,1,2,anti,none,cell_identity,4801795126073971910
mve3-v2-approved-2026-07-18,pilot,1,2,anti,p,cell_identity,17591687793521994433
mve3-v2-approved-2026-07-18,pilot,1,2,anti,k,cell_identity,13154534947810377362
mve3-v2-approved-2026-07-18,pilot,1,2,anti,o,cell_identity,6891181972111370991
mve3-v2-approved-2026-07-18,pilot,1,2,anti,pk,cell_identity,17765036570312090129
mve3-v2-approved-2026-07-18,pilot,1,2,anti,po,cell_identity,1562473962793183629
mve3-v2-approved-2026-07-18,pilot,1,2,anti,ko,cell_identity,3318563094659147822
mve3-v2-approved-2026-07-18,pilot,1,2,anti,pko,cell_identity,16000937061660998602
mve3-v2-approved-2026-07-18,pilot,1,3,controlled,shared,o_collection_root,9098053790759262603
mve3-v2-approved-2026-07-18,pilot,1,3,controlled,shared,non_o_collection_root,14638976977226028834
mve3-v2-approved-2026-07-18,pilot,1,3,controlled,shared,evaluation_root,2292377932315522310
mve3-v2-approved-2026-07-18,pilot,1,3,controlled,none,cell_identity,52201104914849240
mve3-v2-approved-2026-07-18,pilot,1,3,controlled,p,cell_identity,12922109534252153916
mve3-v2-approved-2026-07-18,pilot,1,3,controlled,k,cell_identity,15424617012019233346
mve3-v2-approved-2026-07-18,pilot,1,3,controlled,o,cell_identity,8973675422387673564
mve3-v2-approved-2026-07-18,pilot,1,3,controlled,pk,cell_identity,15464813580348970925
mve3-v2-approved-2026-07-18,pilot,1,3,controlled,po,cell_identity,1888165115973865859
mve3-v2-approved-2026-07-18,pilot,1,3,controlled,ko,cell_identity,14042833511932171638
mve3-v2-approved-2026-07-18,pilot,1,3,controlled,pko,cell_identity,14273789404743909404
mve3-v2-approved-2026-07-18,pilot,1,3,learned,shared,o_collection_root,4315660179177013947
mve3-v2-approved-2026-07-18,pilot,1,3,learned,shared,non_o_collection_root,14638976977226028834
mve3-v2-approved-2026-07-18,pilot,1,3,learned,shared,evaluation_root,2292377932315522310
mve3-v2-approved-2026-07-18,pilot,1,3,learned,none,cell_identity,5484795329038699055
mve3-v2-approved-2026-07-18,pilot,1,3,learned,p,cell_identity,1774329732499997793
mve3-v2-approved-2026-07-18,pilot,1,3,learned,k,cell_identity,7907929739440252608
mve3-v2-approved-2026-07-18,pilot,1,3,learned,o,cell_identity,5414199528684688101
mve3-v2-approved-2026-07-18,pilot,1,3,learned,pk,cell_identity,8848141392823147353
mve3-v2-approved-2026-07-18,pilot,1,3,learned,po,cell_identity,7596874010298367854
mve3-v2-approved-2026-07-18,pilot,1,3,learned,ko,cell_identity,4453879187128554458
mve3-v2-approved-2026-07-18,pilot,1,3,learned,pko,cell_identity,13241459770192630663
mve3-v2-approved-2026-07-18,pilot,1,3,shuffled,shared,o_collection_root,15980362139337980249
mve3-v2-approved-2026-07-18,pilot,1,3,shuffled,shared,non_o_collection_root,14638976977226028834
mve3-v2-approved-2026-07-18,pilot,1,3,shuffled,shared,evaluation_root,2292377932315522310
mve3-v2-approved-2026-07-18,pilot,1,3,shuffled,none,cell_identity,12501934050038734791
mve3-v2-approved-2026-07-18,pilot,1,3,shuffled,p,cell_identity,13191291409118875427
mve3-v2-approved-2026-07-18,pilot,1,3,shuffled,k,cell_identity,17731267878029698229
mve3-v2-approved-2026-07-18,pilot,1,3,shuffled,o,cell_identity,14662203719571344633
mve3-v2-approved-2026-07-18,pilot,1,3,shuffled,pk,cell_identity,2548990600074037652
mve3-v2-approved-2026-07-18,pilot,1,3,shuffled,po,cell_identity,7536420150376022972
mve3-v2-approved-2026-07-18,pilot,1,3,shuffled,ko,cell_identity,12397699228544788697
mve3-v2-approved-2026-07-18,pilot,1,3,shuffled,pko,cell_identity,15535962690651167613
mve3-v2-approved-2026-07-18,pilot,1,3,anti,shared,o_collection_root,15120297622548238030
mve3-v2-approved-2026-07-18,pilot,1,3,anti,shared,non_o_collection_root,14638976977226028834
mve3-v2-approved-2026-07-18,pilot,1,3,anti,shared,evaluation_root,2292377932315522310
mve3-v2-approved-2026-07-18,pilot,1,3,anti,none,cell_identity,10364285253406314132
mve3-v2-approved-2026-07-18,pilot,1,3,anti,p,cell_identity,16635259214540143284
mve3-v2-approved-2026-07-18,pilot,1,3,anti,k,cell_identity,14282718244127191728
mve3-v2-approved-2026-07-18,pilot,1,3,anti,o,cell_identity,3894346272593470364
mve3-v2-approved-2026-07-18,pilot,1,3,anti,pk,cell_identity,10889709051768087572
mve3-v2-approved-2026-07-18,pilot,1,3,anti,po,cell_identity,13447051501422896279
mve3-v2-approved-2026-07-18,pilot,1,3,anti,ko,cell_identity,6722896339680164422
mve3-v2-approved-2026-07-18,pilot,1,3,anti,pko,cell_identity,9491239264905104774
mve3-v2-approved-2026-07-18,pilot,2,1,controlled,shared,o_collection_root,8313621866029392333
mve3-v2-approved-2026-07-18,pilot,2,1,controlled,shared,non_o_collection_root,17197868134138938058
mve3-v2-approved-2026-07-18,pilot,2,1,controlled,shared,evaluation_root,3604789518720316469
mve3-v2-approved-2026-07-18,pilot,2,1,controlled,none,cell_identity,80364411510085748
mve3-v2-approved-2026-07-18,pilot,2,1,controlled,p,cell_identity,1128796113007595083
mve3-v2-approved-2026-07-18,pilot,2,1,controlled,k,cell_identity,6551219521147541202
mve3-v2-approved-2026-07-18,pilot,2,1,controlled,o,cell_identity,9843334334177596562
mve3-v2-approved-2026-07-18,pilot,2,1,controlled,pk,cell_identity,10799245367693586719
mve3-v2-approved-2026-07-18,pilot,2,1,controlled,po,cell_identity,11175971847264987348
mve3-v2-approved-2026-07-18,pilot,2,1,controlled,ko,cell_identity,3925412440928932614
mve3-v2-approved-2026-07-18,pilot,2,1,controlled,pko,cell_identity,9428302272649101376
mve3-v2-approved-2026-07-18,pilot,2,1,learned,shared,o_collection_root,1089226220275412205
mve3-v2-approved-2026-07-18,pilot,2,1,learned,shared,non_o_collection_root,17197868134138938058
mve3-v2-approved-2026-07-18,pilot,2,1,learned,shared,evaluation_root,3604789518720316469
mve3-v2-approved-2026-07-18,pilot,2,1,learned,none,cell_identity,11498304965967012757
mve3-v2-approved-2026-07-18,pilot,2,1,learned,p,cell_identity,1861252670112345252
mve3-v2-approved-2026-07-18,pilot,2,1,learned,k,cell_identity,17223610947991737227
mve3-v2-approved-2026-07-18,pilot,2,1,learned,o,cell_identity,6142175217770632180
mve3-v2-approved-2026-07-18,pilot,2,1,learned,pk,cell_identity,11429896376920433489
mve3-v2-approved-2026-07-18,pilot,2,1,learned,po,cell_identity,18046460100476813841
mve3-v2-approved-2026-07-18,pilot,2,1,learned,ko,cell_identity,733407044208976711
mve3-v2-approved-2026-07-18,pilot,2,1,learned,pko,cell_identity,15208654297316942714
mve3-v2-approved-2026-07-18,pilot,2,1,shuffled,shared,o_collection_root,12588009739411291378
mve3-v2-approved-2026-07-18,pilot,2,1,shuffled,shared,non_o_collection_root,17197868134138938058
mve3-v2-approved-2026-07-18,pilot,2,1,shuffled,shared,evaluation_root,3604789518720316469
mve3-v2-approved-2026-07-18,pilot,2,1,shuffled,none,cell_identity,3779418549022537437
mve3-v2-approved-2026-07-18,pilot,2,1,shuffled,p,cell_identity,4019974393653860017
mve3-v2-approved-2026-07-18,pilot,2,1,shuffled,k,cell_identity,6579003887352599787
mve3-v2-approved-2026-07-18,pilot,2,1,shuffled,o,cell_identity,16221545753396695297
mve3-v2-approved-2026-07-18,pilot,2,1,shuffled,pk,cell_identity,436425197650782291
mve3-v2-approved-2026-07-18,pilot,2,1,shuffled,po,cell_identity,16177422833665105896
mve3-v2-approved-2026-07-18,pilot,2,1,shuffled,ko,cell_identity,1986509648503114748
mve3-v2-approved-2026-07-18,pilot,2,1,shuffled,pko,cell_identity,6192321407376377192
mve3-v2-approved-2026-07-18,pilot,2,1,anti,shared,o_collection_root,2749454954162947311
mve3-v2-approved-2026-07-18,pilot,2,1,anti,shared,non_o_collection_root,17197868134138938058
mve3-v2-approved-2026-07-18,pilot,2,1,anti,shared,evaluation_root,3604789518720316469
mve3-v2-approved-2026-07-18,pilot,2,1,anti,none,cell_identity,17061343510975533215
mve3-v2-approved-2026-07-18,pilot,2,1,anti,p,cell_identity,11504068322660957285
mve3-v2-approved-2026-07-18,pilot,2,1,anti,k,cell_identity,16946508008770506927
mve3-v2-approved-2026-07-18,pilot,2,1,anti,o,cell_identity,12020063096415995968
mve3-v2-approved-2026-07-18,pilot,2,1,anti,pk,cell_identity,4126216045924739462
mve3-v2-approved-2026-07-18,pilot,2,1,anti,po,cell_identity,11346702465099692481
mve3-v2-approved-2026-07-18,pilot,2,1,anti,ko,cell_identity,964715131497206484
mve3-v2-approved-2026-07-18,pilot,2,1,anti,pko,cell_identity,13694574859672784517
mve3-v2-approved-2026-07-18,pilot,2,2,controlled,shared,o_collection_root,4680274785561676979
mve3-v2-approved-2026-07-18,pilot,2,2,controlled,shared,non_o_collection_root,10820543182415643340
mve3-v2-approved-2026-07-18,pilot,2,2,controlled,shared,evaluation_root,15468465699347361347
mve3-v2-approved-2026-07-18,pilot,2,2,controlled,none,cell_identity,5854200685668091876
mve3-v2-approved-2026-07-18,pilot,2,2,controlled,p,cell_identity,3166096329080023872
mve3-v2-approved-2026-07-18,pilot,2,2,controlled,k,cell_identity,4777068399785975943
mve3-v2-approved-2026-07-18,pilot,2,2,controlled,o,cell_identity,12710150371239814110
mve3-v2-approved-2026-07-18,pilot,2,2,controlled,pk,cell_identity,16548076350849557297
mve3-v2-approved-2026-07-18,pilot,2,2,controlled,po,cell_identity,12119257616539369512
mve3-v2-approved-2026-07-18,pilot,2,2,controlled,ko,cell_identity,9374770704873486783
mve3-v2-approved-2026-07-18,pilot,2,2,controlled,pko,cell_identity,1740245340352675627
mve3-v2-approved-2026-07-18,pilot,2,2,learned,shared,o_collection_root,11218992564131741971
mve3-v2-approved-2026-07-18,pilot,2,2,learned,shared,non_o_collection_root,10820543182415643340
mve3-v2-approved-2026-07-18,pilot,2,2,learned,shared,evaluation_root,15468465699347361347
mve3-v2-approved-2026-07-18,pilot,2,2,learned,none,cell_identity,18062658866053654192
mve3-v2-approved-2026-07-18,pilot,2,2,learned,p,cell_identity,1779964250999397309
mve3-v2-approved-2026-07-18,pilot,2,2,learned,k,cell_identity,4167365368905970979
mve3-v2-approved-2026-07-18,pilot,2,2,learned,o,cell_identity,16817433598097907463
mve3-v2-approved-2026-07-18,pilot,2,2,learned,pk,cell_identity,14224209771355116497
mve3-v2-approved-2026-07-18,pilot,2,2,learned,po,cell_identity,5203519966027803962
mve3-v2-approved-2026-07-18,pilot,2,2,learned,ko,cell_identity,16087462591797266391
mve3-v2-approved-2026-07-18,pilot,2,2,learned,pko,cell_identity,14470753184098409587
mve3-v2-approved-2026-07-18,pilot,2,2,shuffled,shared,o_collection_root,21812486080710739
mve3-v2-approved-2026-07-18,pilot,2,2,shuffled,shared,non_o_collection_root,10820543182415643340
mve3-v2-approved-2026-07-18,pilot,2,2,shuffled,shared,evaluation_root,15468465699347361347
mve3-v2-approved-2026-07-18,pilot,2,2,shuffled,none,cell_identity,7383940988820040883
mve3-v2-approved-2026-07-18,pilot,2,2,shuffled,p,cell_identity,17235404642161994679
mve3-v2-approved-2026-07-18,pilot,2,2,shuffled,k,cell_identity,5881974165310287265
mve3-v2-approved-2026-07-18,pilot,2,2,shuffled,o,cell_identity,12955146920871055639
mve3-v2-approved-2026-07-18,pilot,2,2,shuffled,pk,cell_identity,347924558961804768
mve3-v2-approved-2026-07-18,pilot,2,2,shuffled,po,cell_identity,16958213517332441098
mve3-v2-approved-2026-07-18,pilot,2,2,shuffled,ko,cell_identity,17894602024078790284
mve3-v2-approved-2026-07-18,pilot,2,2,shuffled,pko,cell_identity,162108538560879194
mve3-v2-approved-2026-07-18,pilot,2,2,anti,shared,o_collection_root,320496371530624981
mve3-v2-approved-2026-07-18,pilot,2,2,anti,shared,non_o_collection_root,10820543182415643340
mve3-v2-approved-2026-07-18,pilot,2,2,anti,shared,evaluation_root,15468465699347361347
mve3-v2-approved-2026-07-18,pilot,2,2,anti,none,cell_identity,2770348758919572020
mve3-v2-approved-2026-07-18,pilot,2,2,anti,p,cell_identity,6772091720028136899
mve3-v2-approved-2026-07-18,pilot,2,2,anti,k,cell_identity,4046852816986477221
mve3-v2-approved-2026-07-18,pilot,2,2,anti,o,cell_identity,14540792047126420173
mve3-v2-approved-2026-07-18,pilot,2,2,anti,pk,cell_identity,8053161986031087191
mve3-v2-approved-2026-07-18,pilot,2,2,anti,po,cell_identity,5075552208333354489
mve3-v2-approved-2026-07-18,pilot,2,2,anti,ko,cell_identity,1539743241390532836
mve3-v2-approved-2026-07-18,pilot,2,2,anti,pko,cell_identity,16856349035697558164
mve3-v2-approved-2026-07-18,pilot,2,3,controlled,shared,o_collection_root,11920382950128490966
mve3-v2-approved-2026-07-18,pilot,2,3,controlled,shared,non_o_collection_root,11880029297038990169
mve3-v2-approved-2026-07-18,pilot,2,3,controlled,shared,evaluation_root,15558883642693461101
mve3-v2-approved-2026-07-18,pilot,2,3,controlled,none,cell_identity,5936941654059042456
mve3-v2-approved-2026-07-18,pilot,2,3,controlled,p,cell_identity,14610925759485353888
mve3-v2-approved-2026-07-18,pilot,2,3,controlled,k,cell_identity,4428309988161121406
mve3-v2-approved-2026-07-18,pilot,2,3,controlled,o,cell_identity,11605243265783094724
mve3-v2-approved-2026-07-18,pilot,2,3,controlled,pk,cell_identity,18191715380184934613
mve3-v2-approved-2026-07-18,pilot,2,3,controlled,po,cell_identity,7433209558002709226
mve3-v2-approved-2026-07-18,pilot,2,3,controlled,ko,cell_identity,2290261960573661456
mve3-v2-approved-2026-07-18,pilot,2,3,controlled,pko,cell_identity,16450942727215854512
mve3-v2-approved-2026-07-18,pilot,2,3,learned,shared,o_collection_root,13058202219664301403
mve3-v2-approved-2026-07-18,pilot,2,3,learned,shared,non_o_collection_root,11880029297038990169
mve3-v2-approved-2026-07-18,pilot,2,3,learned,shared,evaluation_root,15558883642693461101
mve3-v2-approved-2026-07-18,pilot,2,3,learned,none,cell_identity,4331330201061843358
mve3-v2-approved-2026-07-18,pilot,2,3,learned,p,cell_identity,15518523337253319746
mve3-v2-approved-2026-07-18,pilot,2,3,learned,k,cell_identity,14972938622176455686
mve3-v2-approved-2026-07-18,pilot,2,3,learned,o,cell_identity,9850846657442497225
mve3-v2-approved-2026-07-18,pilot,2,3,learned,pk,cell_identity,1565625679731515342
mve3-v2-approved-2026-07-18,pilot,2,3,learned,po,cell_identity,11784624227051673324
mve3-v2-approved-2026-07-18,pilot,2,3,learned,ko,cell_identity,14639766004950461614
mve3-v2-approved-2026-07-18,pilot,2,3,learned,pko,cell_identity,9276651292994073097
mve3-v2-approved-2026-07-18,pilot,2,3,shuffled,shared,o_collection_root,1207928070130152382
mve3-v2-approved-2026-07-18,pilot,2,3,shuffled,shared,non_o_collection_root,11880029297038990169
mve3-v2-approved-2026-07-18,pilot,2,3,shuffled,shared,evaluation_root,15558883642693461101
mve3-v2-approved-2026-07-18,pilot,2,3,shuffled,none,cell_identity,603513032570302870
mve3-v2-approved-2026-07-18,pilot,2,3,shuffled,p,cell_identity,14206275009634161207
mve3-v2-approved-2026-07-18,pilot,2,3,shuffled,k,cell_identity,15325406952890527757
mve3-v2-approved-2026-07-18,pilot,2,3,shuffled,o,cell_identity,8019591463560053973
mve3-v2-approved-2026-07-18,pilot,2,3,shuffled,pk,cell_identity,1572890031235626472
mve3-v2-approved-2026-07-18,pilot,2,3,shuffled,po,cell_identity,14300702510835938773
mve3-v2-approved-2026-07-18,pilot,2,3,shuffled,ko,cell_identity,10748200923892999183
mve3-v2-approved-2026-07-18,pilot,2,3,shuffled,pko,cell_identity,10866433107294297701
mve3-v2-approved-2026-07-18,pilot,2,3,anti,shared,o_collection_root,7215521798432266370
mve3-v2-approved-2026-07-18,pilot,2,3,anti,shared,non_o_collection_root,11880029297038990169
mve3-v2-approved-2026-07-18,pilot,2,3,anti,shared,evaluation_root,15558883642693461101
mve3-v2-approved-2026-07-18,pilot,2,3,anti,none,cell_identity,13084358126023196030
mve3-v2-approved-2026-07-18,pilot,2,3,anti,p,cell_identity,15057485917758439757
mve3-v2-approved-2026-07-18,pilot,2,3,anti,k,cell_identity,6336075799632061054
mve3-v2-approved-2026-07-18,pilot,2,3,anti,o,cell_identity,10039832264626388689
mve3-v2-approved-2026-07-18,pilot,2,3,anti,pk,cell_identity,2417074865197725648
mve3-v2-approved-2026-07-18,pilot,2,3,anti,po,cell_identity,4770279414993998074
mve3-v2-approved-2026-07-18,pilot,2,3,anti,ko,cell_identity,3347265973880716553
mve3-v2-approved-2026-07-18,pilot,2,3,anti,pko,cell_identity,6925866050238061236
mve3-v2-approved-2026-07-18,pilot,3,1,controlled,shared,o_collection_root,15103581281656705775
mve3-v2-approved-2026-07-18,pilot,3,1,controlled,shared,non_o_collection_root,8350486086698316428
mve3-v2-approved-2026-07-18,pilot,3,1,controlled,shared,evaluation_root,8398696562329247564
mve3-v2-approved-2026-07-18,pilot,3,1,controlled,none,cell_identity,17146692110390288250
mve3-v2-approved-2026-07-18,pilot,3,1,controlled,p,cell_identity,10636638074061583026
mve3-v2-approved-2026-07-18,pilot,3,1,controlled,k,cell_identity,2209087293733759058
mve3-v2-approved-2026-07-18,pilot,3,1,controlled,o,cell_identity,1544079715094450874
mve3-v2-approved-2026-07-18,pilot,3,1,controlled,pk,cell_identity,2596668767294233269
mve3-v2-approved-2026-07-18,pilot,3,1,controlled,po,cell_identity,10427956347814289015
mve3-v2-approved-2026-07-18,pilot,3,1,controlled,ko,cell_identity,982574391344303050
mve3-v2-approved-2026-07-18,pilot,3,1,controlled,pko,cell_identity,15641859435126351880
mve3-v2-approved-2026-07-18,pilot,3,1,learned,shared,o_collection_root,6356596501883049698
mve3-v2-approved-2026-07-18,pilot,3,1,learned,shared,non_o_collection_root,8350486086698316428
mve3-v2-approved-2026-07-18,pilot,3,1,learned,shared,evaluation_root,8398696562329247564
mve3-v2-approved-2026-07-18,pilot,3,1,learned,none,cell_identity,10207805740290720437
mve3-v2-approved-2026-07-18,pilot,3,1,learned,p,cell_identity,17596514645672520936
mve3-v2-approved-2026-07-18,pilot,3,1,learned,k,cell_identity,17109793640668035230
mve3-v2-approved-2026-07-18,pilot,3,1,learned,o,cell_identity,4176405828342882680
mve3-v2-approved-2026-07-18,pilot,3,1,learned,pk,cell_identity,7794756545259457373
mve3-v2-approved-2026-07-18,pilot,3,1,learned,po,cell_identity,7214516905411108461
mve3-v2-approved-2026-07-18,pilot,3,1,learned,ko,cell_identity,2830552909980862697
mve3-v2-approved-2026-07-18,pilot,3,1,learned,pko,cell_identity,8876815766206523320
mve3-v2-approved-2026-07-18,pilot,3,1,shuffled,shared,o_collection_root,4488372584838839896
mve3-v2-approved-2026-07-18,pilot,3,1,shuffled,shared,non_o_collection_root,8350486086698316428
mve3-v2-approved-2026-07-18,pilot,3,1,shuffled,shared,evaluation_root,8398696562329247564
mve3-v2-approved-2026-07-18,pilot,3,1,shuffled,none,cell_identity,1490765554944196341
mve3-v2-approved-2026-07-18,pilot,3,1,shuffled,p,cell_identity,11201458273599466114
mve3-v2-approved-2026-07-18,pilot,3,1,shuffled,k,cell_identity,14149271200207109819
mve3-v2-approved-2026-07-18,pilot,3,1,shuffled,o,cell_identity,13494905447517835382
mve3-v2-approved-2026-07-18,pilot,3,1,shuffled,pk,cell_identity,13152079621047482360
mve3-v2-approved-2026-07-18,pilot,3,1,shuffled,po,cell_identity,8132952620964010992
mve3-v2-approved-2026-07-18,pilot,3,1,shuffled,ko,cell_identity,13934110361737163341
mve3-v2-approved-2026-07-18,pilot,3,1,shuffled,pko,cell_identity,11697599001869888626
mve3-v2-approved-2026-07-18,pilot,3,1,anti,shared,o_collection_root,5401529634742267306
mve3-v2-approved-2026-07-18,pilot,3,1,anti,shared,non_o_collection_root,8350486086698316428
mve3-v2-approved-2026-07-18,pilot,3,1,anti,shared,evaluation_root,8398696562329247564
mve3-v2-approved-2026-07-18,pilot,3,1,anti,none,cell_identity,4822872720710223746
mve3-v2-approved-2026-07-18,pilot,3,1,anti,p,cell_identity,4049022934751254829
mve3-v2-approved-2026-07-18,pilot,3,1,anti,k,cell_identity,5997380059633797736
mve3-v2-approved-2026-07-18,pilot,3,1,anti,o,cell_identity,12152843806482766811
mve3-v2-approved-2026-07-18,pilot,3,1,anti,pk,cell_identity,8848251692136881327
mve3-v2-approved-2026-07-18,pilot,3,1,anti,po,cell_identity,63284388459325167
mve3-v2-approved-2026-07-18,pilot,3,1,anti,ko,cell_identity,11792070635981784211
mve3-v2-approved-2026-07-18,pilot,3,1,anti,pko,cell_identity,207120708965003809
mve3-v2-approved-2026-07-18,pilot,3,2,controlled,shared,o_collection_root,4565379709394924346
mve3-v2-approved-2026-07-18,pilot,3,2,controlled,shared,non_o_collection_root,12189793166010341610
mve3-v2-approved-2026-07-18,pilot,3,2,controlled,shared,evaluation_root,14013491209296041887
mve3-v2-approved-2026-07-18,pilot,3,2,controlled,none,cell_identity,2346143707062343605
mve3-v2-approved-2026-07-18,pilot,3,2,controlled,p,cell_identity,2099485589160671251
mve3-v2-approved-2026-07-18,pilot,3,2,controlled,k,cell_identity,7187309557477047812
mve3-v2-approved-2026-07-18,pilot,3,2,controlled,o,cell_identity,7580847535756650133
mve3-v2-approved-2026-07-18,pilot,3,2,controlled,pk,cell_identity,4072442172004120097
mve3-v2-approved-2026-07-18,pilot,3,2,controlled,po,cell_identity,11506965976679846735
mve3-v2-approved-2026-07-18,pilot,3,2,controlled,ko,cell_identity,3045772808443226
mve3-v2-approved-2026-07-18,pilot,3,2,controlled,pko,cell_identity,9674470265819179053
mve3-v2-approved-2026-07-18,pilot,3,2,learned,shared,o_collection_root,1886635267715641262
mve3-v2-approved-2026-07-18,pilot,3,2,learned,shared,non_o_collection_root,12189793166010341610
mve3-v2-approved-2026-07-18,pilot,3,2,learned,shared,evaluation_root,14013491209296041887
mve3-v2-approved-2026-07-18,pilot,3,2,learned,none,cell_identity,1175499276480980982
mve3-v2-approved-2026-07-18,pilot,3,2,learned,p,cell_identity,6713189629301077429
mve3-v2-approved-2026-07-18,pilot,3,2,learned,k,cell_identity,15712187838855082692
mve3-v2-approved-2026-07-18,pilot,3,2,learned,o,cell_identity,15524879710491339270
mve3-v2-approved-2026-07-18,pilot,3,2,learned,pk,cell_identity,631206543463323199
mve3-v2-approved-2026-07-18,pilot,3,2,learned,po,cell_identity,3063419979408627391
mve3-v2-approved-2026-07-18,pilot,3,2,learned,ko,cell_identity,13788414390145550969
mve3-v2-approved-2026-07-18,pilot,3,2,learned,pko,cell_identity,7249041674791465108
mve3-v2-approved-2026-07-18,pilot,3,2,shuffled,shared,o_collection_root,1648839221017041086
mve3-v2-approved-2026-07-18,pilot,3,2,shuffled,shared,non_o_collection_root,12189793166010341610
mve3-v2-approved-2026-07-18,pilot,3,2,shuffled,shared,evaluation_root,14013491209296041887
mve3-v2-approved-2026-07-18,pilot,3,2,shuffled,none,cell_identity,8940731295013106548
mve3-v2-approved-2026-07-18,pilot,3,2,shuffled,p,cell_identity,14939305076781755447
mve3-v2-approved-2026-07-18,pilot,3,2,shuffled,k,cell_identity,2680814557909609945
mve3-v2-approved-2026-07-18,pilot,3,2,shuffled,o,cell_identity,3648179081365396043
mve3-v2-approved-2026-07-18,pilot,3,2,shuffled,pk,cell_identity,6723915469980550579
mve3-v2-approved-2026-07-18,pilot,3,2,shuffled,po,cell_identity,8701415163549325711
mve3-v2-approved-2026-07-18,pilot,3,2,shuffled,ko,cell_identity,2763028417750819979
mve3-v2-approved-2026-07-18,pilot,3,2,shuffled,pko,cell_identity,885248221904756608
mve3-v2-approved-2026-07-18,pilot,3,2,anti,shared,o_collection_root,14240966817705524084
mve3-v2-approved-2026-07-18,pilot,3,2,anti,shared,non_o_collection_root,12189793166010341610
mve3-v2-approved-2026-07-18,pilot,3,2,anti,shared,evaluation_root,14013491209296041887
mve3-v2-approved-2026-07-18,pilot,3,2,anti,none,cell_identity,3524131416780199109
mve3-v2-approved-2026-07-18,pilot,3,2,anti,p,cell_identity,14966604190128343906
mve3-v2-approved-2026-07-18,pilot,3,2,anti,k,cell_identity,10741431852889993388
mve3-v2-approved-2026-07-18,pilot,3,2,anti,o,cell_identity,328286291211286117
mve3-v2-approved-2026-07-18,pilot,3,2,anti,pk,cell_identity,9597602157725893420
mve3-v2-approved-2026-07-18,pilot,3,2,anti,po,cell_identity,11040949727847115166
mve3-v2-approved-2026-07-18,pilot,3,2,anti,ko,cell_identity,344592297382453542
mve3-v2-approved-2026-07-18,pilot,3,2,anti,pko,cell_identity,8976153095466720415
mve3-v2-approved-2026-07-18,pilot,3,3,controlled,shared,o_collection_root,241175318196696036
mve3-v2-approved-2026-07-18,pilot,3,3,controlled,shared,non_o_collection_root,15211101241100756250
mve3-v2-approved-2026-07-18,pilot,3,3,controlled,shared,evaluation_root,4713822779757314386
mve3-v2-approved-2026-07-18,pilot,3,3,controlled,none,cell_identity,4147509897649407065
mve3-v2-approved-2026-07-18,pilot,3,3,controlled,p,cell_identity,12605093018357384918
mve3-v2-approved-2026-07-18,pilot,3,3,controlled,k,cell_identity,8922547183322736353
mve3-v2-approved-2026-07-18,pilot,3,3,controlled,o,cell_identity,11552261292506823694
mve3-v2-approved-2026-07-18,pilot,3,3,controlled,pk,cell_identity,18369214474057677140
mve3-v2-approved-2026-07-18,pilot,3,3,controlled,po,cell_identity,8877764991689748098
mve3-v2-approved-2026-07-18,pilot,3,3,controlled,ko,cell_identity,15323517937305682520
mve3-v2-approved-2026-07-18,pilot,3,3,controlled,pko,cell_identity,16600011082898052728
mve3-v2-approved-2026-07-18,pilot,3,3,learned,shared,o_collection_root,13588198653380317762
mve3-v2-approved-2026-07-18,pilot,3,3,learned,shared,non_o_collection_root,15211101241100756250
mve3-v2-approved-2026-07-18,pilot,3,3,learned,shared,evaluation_root,4713822779757314386
mve3-v2-approved-2026-07-18,pilot,3,3,learned,none,cell_identity,4620016728619409168
mve3-v2-approved-2026-07-18,pilot,3,3,learned,p,cell_identity,5054926047873269137
mve3-v2-approved-2026-07-18,pilot,3,3,learned,k,cell_identity,435782604307330506
mve3-v2-approved-2026-07-18,pilot,3,3,learned,o,cell_identity,2207079792483115196
mve3-v2-approved-2026-07-18,pilot,3,3,learned,pk,cell_identity,7008633733805390073
mve3-v2-approved-2026-07-18,pilot,3,3,learned,po,cell_identity,5205981756650029109
mve3-v2-approved-2026-07-18,pilot,3,3,learned,ko,cell_identity,750225867994784544
mve3-v2-approved-2026-07-18,pilot,3,3,learned,pko,cell_identity,11147834927639782587
mve3-v2-approved-2026-07-18,pilot,3,3,shuffled,shared,o_collection_root,3420741351366170585
mve3-v2-approved-2026-07-18,pilot,3,3,shuffled,shared,non_o_collection_root,15211101241100756250
mve3-v2-approved-2026-07-18,pilot,3,3,shuffled,shared,evaluation_root,4713822779757314386
mve3-v2-approved-2026-07-18,pilot,3,3,shuffled,none,cell_identity,8272495840267467718
mve3-v2-approved-2026-07-18,pilot,3,3,shuffled,p,cell_identity,13331715791886135457
mve3-v2-approved-2026-07-18,pilot,3,3,shuffled,k,cell_identity,12449909772041006550
mve3-v2-approved-2026-07-18,pilot,3,3,shuffled,o,cell_identity,14834274064135633216
mve3-v2-approved-2026-07-18,pilot,3,3,shuffled,pk,cell_identity,15280509000247560610
mve3-v2-approved-2026-07-18,pilot,3,3,shuffled,po,cell_identity,5972137374988808253
mve3-v2-approved-2026-07-18,pilot,3,3,shuffled,ko,cell_identity,12191232412242468210
mve3-v2-approved-2026-07-18,pilot,3,3,shuffled,pko,cell_identity,5596990281510574018
mve3-v2-approved-2026-07-18,pilot,3,3,anti,shared,o_collection_root,5488515610600231452
mve3-v2-approved-2026-07-18,pilot,3,3,anti,shared,non_o_collection_root,15211101241100756250
mve3-v2-approved-2026-07-18,pilot,3,3,anti,shared,evaluation_root,4713822779757314386
mve3-v2-approved-2026-07-18,pilot,3,3,anti,none,cell_identity,4623996365505442692
mve3-v2-approved-2026-07-18,pilot,3,3,anti,p,cell_identity,14070805632875233461
mve3-v2-approved-2026-07-18,pilot,3,3,anti,k,cell_identity,4311984209549881338
mve3-v2-approved-2026-07-18,pilot,3,3,anti,o,cell_identity,8286710915550003176
mve3-v2-approved-2026-07-18,pilot,3,3,anti,pk,cell_identity,14777805504561372509
mve3-v2-approved-2026-07-18,pilot,3,3,anti,po,cell_identity,9664175917552107593
mve3-v2-approved-2026-07-18,pilot,3,3,anti,ko,cell_identity,11826688246756812391
mve3-v2-approved-2026-07-18,pilot,3,3,anti,pko,cell_identity,15112792343836751550
mve3-v2-approved-2026-07-18,pilot,4,1,controlled,shared,o_collection_root,4831744543464054913
mve3-v2-approved-2026-07-18,pilot,4,1,controlled,shared,non_o_collection_root,18184203782143666068
mve3-v2-approved-2026-07-18,pilot,4,1,controlled,shared,evaluation_root,12958727712846509424
mve3-v2-approved-2026-07-18,pilot,4,1,controlled,none,cell_identity,11857111532975860656
mve3-v2-approved-2026-07-18,pilot,4,1,controlled,p,cell_identity,13772829157237037928
mve3-v2-approved-2026-07-18,pilot,4,1,controlled,k,cell_identity,12799407376586920091
mve3-v2-approved-2026-07-18,pilot,4,1,controlled,o,cell_identity,9388705768490152028
mve3-v2-approved-2026-07-18,pilot,4,1,controlled,pk,cell_identity,3034193807448055055
mve3-v2-approved-2026-07-18,pilot,4,1,controlled,po,cell_identity,12865656855143481095
mve3-v2-approved-2026-07-18,pilot,4,1,controlled,ko,cell_identity,15508343414157147547
mve3-v2-approved-2026-07-18,pilot,4,1,controlled,pko,cell_identity,5623837800046946969
mve3-v2-approved-2026-07-18,pilot,4,1,learned,shared,o_collection_root,13809526600051567687
mve3-v2-approved-2026-07-18,pilot,4,1,learned,shared,non_o_collection_root,18184203782143666068
mve3-v2-approved-2026-07-18,pilot,4,1,learned,shared,evaluation_root,12958727712846509424
mve3-v2-approved-2026-07-18,pilot,4,1,learned,none,cell_identity,3555270659139049776
mve3-v2-approved-2026-07-18,pilot,4,1,learned,p,cell_identity,14150458151603173023
mve3-v2-approved-2026-07-18,pilot,4,1,learned,k,cell_identity,14535722889722533263
mve3-v2-approved-2026-07-18,pilot,4,1,learned,o,cell_identity,1528768355394719122
mve3-v2-approved-2026-07-18,pilot,4,1,learned,pk,cell_identity,10786074429429905893
mve3-v2-approved-2026-07-18,pilot,4,1,learned,po,cell_identity,9705373910832788498
mve3-v2-approved-2026-07-18,pilot,4,1,learned,ko,cell_identity,4210579438305634277
mve3-v2-approved-2026-07-18,pilot,4,1,learned,pko,cell_identity,16674748876309625989
mve3-v2-approved-2026-07-18,pilot,4,1,shuffled,shared,o_collection_root,12002267851630400401
mve3-v2-approved-2026-07-18,pilot,4,1,shuffled,shared,non_o_collection_root,18184203782143666068
mve3-v2-approved-2026-07-18,pilot,4,1,shuffled,shared,evaluation_root,12958727712846509424
mve3-v2-approved-2026-07-18,pilot,4,1,shuffled,none,cell_identity,9153455017471123623
mve3-v2-approved-2026-07-18,pilot,4,1,shuffled,p,cell_identity,10288976372785414909
mve3-v2-approved-2026-07-18,pilot,4,1,shuffled,k,cell_identity,9102759558500802206
mve3-v2-approved-2026-07-18,pilot,4,1,shuffled,o,cell_identity,15267039822932374245
mve3-v2-approved-2026-07-18,pilot,4,1,shuffled,pk,cell_identity,9388536510941608566
mve3-v2-approved-2026-07-18,pilot,4,1,shuffled,po,cell_identity,17211297631549652832
mve3-v2-approved-2026-07-18,pilot,4,1,shuffled,ko,cell_identity,14207598770209201156
mve3-v2-approved-2026-07-18,pilot,4,1,shuffled,pko,cell_identity,7921266725641077904
mve3-v2-approved-2026-07-18,pilot,4,1,anti,shared,o_collection_root,12536354630471291296
mve3-v2-approved-2026-07-18,pilot,4,1,anti,shared,non_o_collection_root,18184203782143666068
mve3-v2-approved-2026-07-18,pilot,4,1,anti,shared,evaluation_root,12958727712846509424
mve3-v2-approved-2026-07-18,pilot,4,1,anti,none,cell_identity,6618893164793903491
mve3-v2-approved-2026-07-18,pilot,4,1,anti,p,cell_identity,11241672457512271488
mve3-v2-approved-2026-07-18,pilot,4,1,anti,k,cell_identity,98029502118503813
mve3-v2-approved-2026-07-18,pilot,4,1,anti,o,cell_identity,10414345447176700087
mve3-v2-approved-2026-07-18,pilot,4,1,anti,pk,cell_identity,9499727121924250618
mve3-v2-approved-2026-07-18,pilot,4,1,anti,po,cell_identity,1985917830816349196
mve3-v2-approved-2026-07-18,pilot,4,1,anti,ko,cell_identity,11833256903666616799
mve3-v2-approved-2026-07-18,pilot,4,1,anti,pko,cell_identity,1534010653173554890
mve3-v2-approved-2026-07-18,pilot,4,2,controlled,shared,o_collection_root,5579587666583405611
mve3-v2-approved-2026-07-18,pilot,4,2,controlled,shared,non_o_collection_root,3147114076949660162
mve3-v2-approved-2026-07-18,pilot,4,2,controlled,shared,evaluation_root,3755433479311551441
mve3-v2-approved-2026-07-18,pilot,4,2,controlled,none,cell_identity,4211879715325394558
mve3-v2-approved-2026-07-18,pilot,4,2,controlled,p,cell_identity,3625638352686449274
mve3-v2-approved-2026-07-18,pilot,4,2,controlled,k,cell_identity,18136519216264954260
mve3-v2-approved-2026-07-18,pilot,4,2,controlled,o,cell_identity,3667067257300951969
mve3-v2-approved-2026-07-18,pilot,4,2,controlled,pk,cell_identity,9142798015961193902
mve3-v2-approved-2026-07-18,pilot,4,2,controlled,po,cell_identity,10885404811682145540
mve3-v2-approved-2026-07-18,pilot,4,2,controlled,ko,cell_identity,15991743954027199513
mve3-v2-approved-2026-07-18,pilot,4,2,controlled,pko,cell_identity,13119717889599742616
mve3-v2-approved-2026-07-18,pilot,4,2,learned,shared,o_collection_root,13844016891080104199
mve3-v2-approved-2026-07-18,pilot,4,2,learned,shared,non_o_collection_root,3147114076949660162
mve3-v2-approved-2026-07-18,pilot,4,2,learned,shared,evaluation_root,3755433479311551441
mve3-v2-approved-2026-07-18,pilot,4,2,learned,none,cell_identity,4472131475917808331
mve3-v2-approved-2026-07-18,pilot,4,2,learned,p,cell_identity,10669376890171955298
mve3-v2-approved-2026-07-18,pilot,4,2,learned,k,cell_identity,18279249731473953044
mve3-v2-approved-2026-07-18,pilot,4,2,learned,o,cell_identity,9678688110775322158
mve3-v2-approved-2026-07-18,pilot,4,2,learned,pk,cell_identity,17102459379349206803
mve3-v2-approved-2026-07-18,pilot,4,2,learned,po,cell_identity,12505638001147693176
mve3-v2-approved-2026-07-18,pilot,4,2,learned,ko,cell_identity,5236230881100402196
mve3-v2-approved-2026-07-18,pilot,4,2,learned,pko,cell_identity,4699874533521867038
mve3-v2-approved-2026-07-18,pilot,4,2,shuffled,shared,o_collection_root,913020811639825792
mve3-v2-approved-2026-07-18,pilot,4,2,shuffled,shared,non_o_collection_root,3147114076949660162
mve3-v2-approved-2026-07-18,pilot,4,2,shuffled,shared,evaluation_root,3755433479311551441
mve3-v2-approved-2026-07-18,pilot,4,2,shuffled,none,cell_identity,1803143208315554300
mve3-v2-approved-2026-07-18,pilot,4,2,shuffled,p,cell_identity,11368326498871628731
mve3-v2-approved-2026-07-18,pilot,4,2,shuffled,k,cell_identity,3496841062667497425
mve3-v2-approved-2026-07-18,pilot,4,2,shuffled,o,cell_identity,17607338275875571254
mve3-v2-approved-2026-07-18,pilot,4,2,shuffled,pk,cell_identity,17676869606167187895
mve3-v2-approved-2026-07-18,pilot,4,2,shuffled,po,cell_identity,127626928933691143
mve3-v2-approved-2026-07-18,pilot,4,2,shuffled,ko,cell_identity,16024016727671740282
mve3-v2-approved-2026-07-18,pilot,4,2,shuffled,pko,cell_identity,5845889564021392039
mve3-v2-approved-2026-07-18,pilot,4,2,anti,shared,o_collection_root,3155247036765851145
mve3-v2-approved-2026-07-18,pilot,4,2,anti,shared,non_o_collection_root,3147114076949660162
mve3-v2-approved-2026-07-18,pilot,4,2,anti,shared,evaluation_root,3755433479311551441
mve3-v2-approved-2026-07-18,pilot,4,2,anti,none,cell_identity,882751841119627717
mve3-v2-approved-2026-07-18,pilot,4,2,anti,p,cell_identity,13692527868632691934
mve3-v2-approved-2026-07-18,pilot,4,2,anti,k,cell_identity,7255797281711508381
mve3-v2-approved-2026-07-18,pilot,4,2,anti,o,cell_identity,16124621559072927516
mve3-v2-approved-2026-07-18,pilot,4,2,anti,pk,cell_identity,5250703755728359466
mve3-v2-approved-2026-07-18,pilot,4,2,anti,po,cell_identity,14470196893046399935
mve3-v2-approved-2026-07-18,pilot,4,2,anti,ko,cell_identity,12251616575005029677
mve3-v2-approved-2026-07-18,pilot,4,2,anti,pko,cell_identity,13816106456595026931
mve3-v2-approved-2026-07-18,pilot,4,3,controlled,shared,o_collection_root,15292413080070924424
mve3-v2-approved-2026-07-18,pilot,4,3,controlled,shared,non_o_collection_root,878449464465706225
mve3-v2-approved-2026-07-18,pilot,4,3,controlled,shared,evaluation_root,2475584697609555501
mve3-v2-approved-2026-07-18,pilot,4,3,controlled,none,cell_identity,6706663419444170097
mve3-v2-approved-2026-07-18,pilot,4,3,controlled,p,cell_identity,7843481520161514062
mve3-v2-approved-2026-07-18,pilot,4,3,controlled,k,cell_identity,12074770812572016841
mve3-v2-approved-2026-07-18,pilot,4,3,controlled,o,cell_identity,12043744979546033543
mve3-v2-approved-2026-07-18,pilot,4,3,controlled,pk,cell_identity,18311267572930933342
mve3-v2-approved-2026-07-18,pilot,4,3,controlled,po,cell_identity,18444723433480494894
mve3-v2-approved-2026-07-18,pilot,4,3,controlled,ko,cell_identity,5292543563757419952
mve3-v2-approved-2026-07-18,pilot,4,3,controlled,pko,cell_identity,201952673844350693
mve3-v2-approved-2026-07-18,pilot,4,3,learned,shared,o_collection_root,7724255887988595858
mve3-v2-approved-2026-07-18,pilot,4,3,learned,shared,non_o_collection_root,878449464465706225
mve3-v2-approved-2026-07-18,pilot,4,3,learned,shared,evaluation_root,2475584697609555501
mve3-v2-approved-2026-07-18,pilot,4,3,learned,none,cell_identity,12587190454095562553
mve3-v2-approved-2026-07-18,pilot,4,3,learned,p,cell_identity,15766026169727765790
mve3-v2-approved-2026-07-18,pilot,4,3,learned,k,cell_identity,13447949034422787862
mve3-v2-approved-2026-07-18,pilot,4,3,learned,o,cell_identity,5593466781737425262
mve3-v2-approved-2026-07-18,pilot,4,3,learned,pk,cell_identity,10373740227206421033
mve3-v2-approved-2026-07-18,pilot,4,3,learned,po,cell_identity,6269701072744201352
mve3-v2-approved-2026-07-18,pilot,4,3,learned,ko,cell_identity,292828975626754386
mve3-v2-approved-2026-07-18,pilot,4,3,learned,pko,cell_identity,68707312872808021
mve3-v2-approved-2026-07-18,pilot,4,3,shuffled,shared,o_collection_root,16720184939292016906
mve3-v2-approved-2026-07-18,pilot,4,3,shuffled,shared,non_o_collection_root,878449464465706225
mve3-v2-approved-2026-07-18,pilot,4,3,shuffled,shared,evaluation_root,2475584697609555501
mve3-v2-approved-2026-07-18,pilot,4,3,shuffled,none,cell_identity,8920942959958181927
mve3-v2-approved-2026-07-18,pilot,4,3,shuffled,p,cell_identity,2311811653843709635
mve3-v2-approved-2026-07-18,pilot,4,3,shuffled,k,cell_identity,9064496361913275175
mve3-v2-approved-2026-07-18,pilot,4,3,shuffled,o,cell_identity,11367953464804784147
mve3-v2-approved-2026-07-18,pilot,4,3,shuffled,pk,cell_identity,16276978042690694247
mve3-v2-approved-2026-07-18,pilot,4,3,shuffled,po,cell_identity,6725297510826906512
mve3-v2-approved-2026-07-18,pilot,4,3,shuffled,ko,cell_identity,1096520185759148750
mve3-v2-approved-2026-07-18,pilot,4,3,shuffled,pko,cell_identity,17485759471886872633
mve3-v2-approved-2026-07-18,pilot,4,3,anti,shared,o_collection_root,17344351369439827140
mve3-v2-approved-2026-07-18,pilot,4,3,anti,shared,non_o_collection_root,878449464465706225
mve3-v2-approved-2026-07-18,pilot,4,3,anti,shared,evaluation_root,2475584697609555501
mve3-v2-approved-2026-07-18,pilot,4,3,anti,none,cell_identity,3488776645526974942
mve3-v2-approved-2026-07-18,pilot,4,3,anti,p,cell_identity,17414474250421820328
mve3-v2-approved-2026-07-18,pilot,4,3,anti,k,cell_identity,9649381876637522773
mve3-v2-approved-2026-07-18,pilot,4,3,anti,o,cell_identity,4825587033141319552
mve3-v2-approved-2026-07-18,pilot,4,3,anti,pk,cell_identity,13278338701821412418
mve3-v2-approved-2026-07-18,pilot,4,3,anti,po,cell_identity,5761884171736587087
mve3-v2-approved-2026-07-18,pilot,4,3,anti,ko,cell_identity,15411248041778001226
mve3-v2-approved-2026-07-18,pilot,4,3,anti,pko,cell_identity,17423947694103099373
