seed,severity,layout,signal,regime,return_auc,final_window_return,hacking_rate,rm_mae_auc,rm_mae_final,epi_reward_spearman
60000,1,aligned,epistemic,frozen,0.6097871169021845,0.5706937380506385,0.0,0.17437998775461144,0.17437998775461142,1.0
60000,1,aligned,aleatoric,frozen,0.5486656505120695,0.5078730793768264,0.0,0.17437998775461144,0.17437998775461142,1.0
60000,1,aligned,total,frozen,0.5842083787538142,0.5563868301546948,0.0,0.17437998775461144,0.17437998775461142,1.0
60000,1,aligned,point,frozen,0.5296769421794497,0.5055363658334422,0.0,0.17437998775461144,0.17437998775461142,1.0
60000,1,aligned,shuffled,frozen,0.5128297241079898,0.5067220206520735,0.0,0.17437998775461144,0.17437998775461142,1.0
60000,1,aligned,uniform,frozen,0.5410251226922073,0.5207843156007117,0.0,0.17437998775461144,0.17437998775461142,1.0
60000,1,aligned,count,frozen,0.5438091309836709,0.5905671889523842,0.0,0.17437998775461144,0.17437998775461142,1.0
60000,1,aligned,epistemic,online,0.5818451973085602,0.608384700679635,0.0,0.1452609137803139,0.14167701382254444,1.0
60000,1,aligned,aleatoric,online,0.5922216119857898,0.5677653978538355,0.0,0.1497494231752799,0.13879203733777054,1.0
60000,1,aligned,total,online,0.5418804311968296,0.5428733842096256,0.0,0.14431193254369862,0.13141299635414974,1.0
60000,1,aligned,point,online,0.5319676742289035,0.5369651294314516,0.0,0.15060331416488237,0.14727894434495922,1.0
60000,1,aligned,shuffled,online,0.5069350546477602,0.49491071057455027,0.0,0.1516554194877139,0.1422514687234213,1.0
60000,1,aligned,uniform,online,0.5764660903181957,0.5921145322035655,0.0,0.1451521862244603,0.13274968606321502,1.0
60000,1,aligned,count,online,0.5550756828419647,0.5859172396873539,0.0,0.14686826519708102,0.1330620412972886,1.0
60000,1,decorrelated,epistemic,frozen,0.5587986171198701,0.5712498731639654,0.0,0.1537994372684471,0.15379943726844714,-0.027972027972027972
60000,1,decorrelated,aleatoric,frozen,0.543189228343963,0.5359268495428946,0.0,0.1537994372684471,0.15379943726844714,-0.027972027972027972
60000,1,decorrelated,total,frozen,0.557403915377242,0.5553947646285862,0.0,0.1537994372684471,0.15379943726844714,-0.027972027972027972
60000,1,decorrelated,point,frozen,0.5571227238271574,0.593385466023819,0.0,0.1537994372684471,0.15379943726844714,-0.027972027972027972
60000,1,decorrelated,shuffled,frozen,0.5614093055960414,0.5577335490729883,0.0,0.1537994372684471,0.15379943726844714,-0.027972027972027972
60000,1,decorrelated,uniform,frozen,0.5402597872891517,0.5732551737198205,0.0,0.1537994372684471,0.15379943726844714,-0.027972027972027972
60000,1,decorrelated,count,frozen,0.5363491762658679,0.5334524034594479,0.0,0.1537994372684471,0.15379943726844714,-0.027972027972027972
60000,1,decorrelated,epistemic,online,0.5557585592146881,0.5768124898988205,0.0,0.12599736279213541,0.12247907212435633,-0.027972027972027972
60000,1,decorrelated,aleatoric,online,0.5622200141559004,0.5338596778563776,0.0,0.12891678903528941,0.11612799296819394,-0.027972027972027972
60000,1,decorrelated,total,online,0.5564564781307528,0.5692026834539002,0.0,0.12521510107386863,0.11511437509447447,-0.027972027972027972
60000,1,decorrelated,point,online,0.5719128846902641,0.5676903594192395,0.0,0.12913924594058823,0.12082751747723382,-0.027972027972027972
60000,1,decorrelated,shuffled,online,0.5604067021365433,0.5656751363353439,0.0,0.12468784166097527,0.12140215144214805,-0.027972027972027972
60000,1,decorrelated,uniform,online,0.5299271778744746,0.5394110176045643,0.0,0.12761633630587282,0.11834468681323185,-0.027972027972027972
60000,1,decorrelated,count,online,0.5504250572824876,0.5129326156674298,0.0,0.12544738430912425,0.11760975207784052,-0.027972027972027972
60000,1,anti,epistemic,frozen,0.4402128830978155,0.47930626194936143,0.0,0.16887295181592293,0.16887295181592296,-1.0
60000,1,anti,aleatoric,frozen,0.5013343494879304,0.5421269206231736,0.0,0.16887295181592293,0.16887295181592296,-1.0
60000,1,anti,total,frozen,0.465791621246186,0.49361316984530534,0.0,0.16887295181592293,0.16887295181592296,-1.0
60000,1,anti,point,frozen,0.5203230578205502,0.5444636341665577,0.0,0.16887295181592293,0.16887295181592296,-1.0
60000,1,anti,shuffled,frozen,0.5371702758920102,0.5432779793479265,0.0,0.16887295181592293,0.16887295181592296,-1.0
60000,1,anti,uniform,frozen,0.5089748773077927,0.5292156843992883,0.0,0.16887295181592293,0.16887295181592296,-1.0
60000,1,anti,count,frozen,0.506190869016329,0.4594328110476159,0.0,0.16887295181592293,0.16887295181592296,-1.0
60000,1,anti,epistemic,online,0.5282941879947819,0.5101015795711197,0.0,0.147523599567473,0.13719984688344405,-1.0
60000,1,anti,aleatoric,online,0.48445377238150755,0.5008179743216241,0.0,0.14785846424386564,0.14056127221595374,-1.0
60000,1,anti,total,online,0.5300333435691436,0.5458943890996493,0.0,0.14747549255270526,0.13372529668361974,-1.0
60000,1,anti,point,online,0.5546687413895699,0.5555336865246012,0.0,0.14363511852278216,0.13827145139261307,-1.0
60000,1,anti,shuffled,online,0.5606281517426716,0.591981418219053,0.0,0.15016328214965816,0.15807593186660296,-1.0
60000,1,anti,uniform,online,0.5152271495625376,0.5133526907383079,0.0,0.14802927156431672,0.13889993770762363,-1.0
60000,1,anti,count,online,0.5241106558098885,0.5393061169433955,0.0,0.1443337493481244,0.13354578610104573,-1.0
60000,2,aligned,epistemic,frozen,0.5794735555919381,0.562488049575439,0.1125,0.18777869399358965,0.18777869399358962,1.0
60000,2,aligned,aleatoric,frozen,0.5696736408764804,0.5407338463965675,0.06875,0.18777869399358965,0.18777869399358962,1.0
60000,2,aligned,total,frozen,0.557328273488341,0.5167042762992885,0.1125,0.18777869399358965,0.18777869399358962,1.0
60000,2,aligned,point,frozen,0.5113817162304544,0.49539477746802857,0.13125,0.18777869399358965,0.18777869399358962,1.0
60000,2,aligned,shuffled,frozen,0.5539535072943592,0.5153921697672149,0.075,0.18777869399358965,0.18777869399358962,1.0
60000,2,aligned,uniform,frozen,0.5334698627276062,0.5280473160061383,0.1125,0.18777869399358965,0.18777869399358962,1.0
60000,2,aligned,count,frozen,0.5299811230190887,0.5462577687133481,0.1625,0.18777869399358965,0.18777869399358962,1.0
60000,2,aligned,epistemic,online,0.5604047545255897,0.5980073668193435,0.10625,0.15017476285492254,0.14622113061384215,1.0
60000,2,aligned,aleatoric,online,0.6073064815518163,0.590186718154998,0.04375,0.1535222123867623,0.1411261980402548,1.0
60000,2,aligned,total,online,0.5610220579427071,0.5709964446689686,0.11875,0.15785915377612533,0.1449546502834882,1.0
60000,2,aligned,point,online,0.5203271975495912,0.5013083144245357,0.11875,0.1476365568247103,0.13345578796885277,1.0
60000,2,aligned,shuffled,online,0.5327824040998417,0.5575076442929745,0.125,0.15258920490959244,0.13096677105558133,1.0
60000,2,aligned,uniform,online,0.5224700652080188,0.5276687642707493,0.15625,0.1474560750247586,0.13323932641337177,1.0
60000,2,aligned,count,online,0.522617319916314,0.5274314560881969,0.08125,0.14927541199092204,0.142185469134509,1.0
60000,2,decorrelated,epistemic,frozen,0.4866751679604982,0.49869115416941734,0.075,0.21624892133208945,0.21624892133208948,-0.027972027972027972
60000,2,decorrelated,aleatoric,frozen,0.4684479153599003,0.4803269747119815,0.1,0.21624892133208945,0.21624892133208948,-0.027972027972027972
60000,2,decorrelated,total,frozen,0.4883659857875828,0.4574897217044038,0.1125,0.21624892133208945,0.21624892133208948,-0.027972027972027972
60000,2,decorrelated,point,frozen,0.46423404442027805,0.4535282655320013,0.175,0.21624892133208945,0.21624892133208948,-0.027972027972027972
60000,2,decorrelated,shuffled,frozen,0.4847420609587069,0.47870650605152293,0.13125,0.21624892133208945,0.21624892133208948,-0.027972027972027972
60000,2,decorrelated,uniform,frozen,0.4798348765942747,0.4675795799519055,0.1375,0.21624892133208945,0.21624892133208948,-0.027972027972027972
60000,2,decorrelated,count,frozen,0.49151231654084954,0.4475740450695781,0.1125,0.21624892133208945,0.21624892133208948,-0.027972027972027972
60000,2,decorrelated,epistemic,online,0.48037899643654985,0.44487218130936323,0.1,0.20530961680304188,0.2035663794959799,-0.027972027972027972
60000,2,decorrelated,aleatoric,online,0.4600188087893728,0.45747537199509125,0.13125,0.20929143346164855,0.20809490452220938,-0.027972027972027972
60000,2,decorrelated,total,online,0.4713261434608077,0.4499816110314847,0.1125,0.20501761178417982,0.19125134283508208,-0.027972027972027972
60000,2,decorrelated,point,online,0.4892849700276177,0.5046293967140185,0.1125,0.20138796611365142,0.18935824523458122,-0.027972027972027972
60000,2,decorrelated,shuffled,online,0.47444715220023215,0.4904207178664063,0.06875,0.2083244153268986,0.1999394949771799,-0.027972027972027972
60000,2,decorrelated,uniform,online,0.5286934456803356,0.533316029217965,0.0375,0.20131039409258378,0.19296000361545784,-0.027972027972027972
60000,2,decorrelated,count,online,0.513034172069138,0.4982350210987473,0.08125,0.196494304629287,0.18636432708549167,-0.027972027972027972
60000,2,anti,epistemic,frozen,0.4705264444080621,0.487511950424561,0.0,0.17883496711790278,0.17883496711790278,-1.0
60000,2,anti,aleatoric,frozen,0.4803263591235195,0.5092661536034325,0.0,0.17883496711790278,0.17883496711790278,-1.0
60000,2,anti,total,frozen,0.492671726511659,0.5332957237007114,0.0,0.17883496711790278,0.17883496711790278,-1.0
60000,2,anti,point,frozen,0.5386182837695456,0.5546052225319714,0.0,0.17883496711790278,0.17883496711790278,-1.0
60000,2,anti,shuffled,frozen,0.49604649270564083,0.5346078302327851,0.0,0.17883496711790278,0.17883496711790278,-1.0
60000,2,anti,uniform,frozen,0.5165301372723938,0.5219526839938616,0.0,0.17883496711790278,0.17883496711790278,-1.0
60000,2,anti,count,frozen,0.5200188769809113,0.503742231286652,0.0,0.17883496711790278,0.17883496711790278,-1.0
60000,2,anti,epistemic,online,0.5265587376908705,0.5494775512430404,0.0,0.14942302520887393,0.1288311955186653,-1.0
60000,2,anti,aleatoric,online,0.4882906931679177,0.5054302926710893,0.0,0.15886767149240635,0.1472541308369543,-1.0
60000,2,anti,total,online,0.5315598242130708,0.5369443087502803,0.0,0.15110480208312765,0.13663078063455145,-1.0
60000,2,anti,point,online,0.5403667285764397,0.5565587929699146,0.0,0.14758088028804695,0.1377921697523304,-1.0
60000,2,anti,shuffled,online,0.5220914027654097,0.5531214889923277,0.0,0.15173808911133405,0.13422857466072044,-1.0
60000,2,anti,uniform,online,0.5443180863854978,0.5795559955838046,0.0,0.1516382389209372,0.13765715077497512,-1.0
60000,2,anti,count,online,0.542033154834607,0.518360563243099,0.0,0.151071499988155,0.13966407888877588,-1.0
60000,3,aligned,epistemic,frozen,0.5578512619580573,0.5309862694641961,0.075,0.2268859691030473,0.22688596910304729,1.0
60000,3,aligned,aleatoric,frozen,0.5208939299454043,0.4988811983881602,0.08125,0.2268859691030473,0.22688596910304729,1.0
60000,3,aligned,total,frozen,0.5372478309304756,0.5365702162184197,0.075,0.2268859691030473,0.22688596910304729,1.0
60000,3,aligned,point,frozen,0.4871203223896174,0.47521277158729747,0.0875,0.2268859691030473,0.22688596910304729,1.0
60000,3,aligned,shuffled,frozen,0.4956251642441859,0.5226314519969698,0.05,0.2268859691030473,0.22688596910304729,1.0
60000,3,aligned,uniform,frozen,0.46122460221120115,0.48067043843249035,0.31875,0.2268859691030473,0.22688596910304729,1.0
60000,3,aligned,count,frozen,0.49024047995645637,0.4749800451841918,0.11875,0.2268859691030473,0.22688596910304729,1.0
60000,3,aligned,epistemic,online,0.5415222128397539,0.5335022383207051,0.06875,0.19831760652788383,0.17805074564105258,1.0
60000,3,aligned,aleatoric,online,0.5416552924855788,0.5258603460979083,0.05625,0.2084001018734692,0.18788869336844935,1.0
60000,3,aligned,total,online,0.5174943942907257,0.5261732009284001,0.075,0.2060948255245046,0.18132620325131096,1.0
60000,3,aligned,point,online,0.5098955213184592,0.5298375329586917,0.075,0.21001270940423683,0.1895641148775038,1.0
60000,3,aligned,shuffled,online,0.5009186547840178,0.5220582652352127,0.1375,0.20379171374187802,0.17859011304557085,1.0
60000,3,aligned,uniform,online,0.5373476915410766,0.5225321180821052,0.0375,0.2040551137240183,0.1850427316842754,1.0
60000,3,aligned,count,online,0.5023320726904487,0.5488972688594723,0.0875,0.20291378310345243,0.18174980518282136,1.0
60000,3,decorrelated,epistemic,frozen,0.49809450887982365,0.47448748628382387,0.15,0.2195102649000067,0.2195102649000067,0.04195804195804196
60000,3,decorrelated,aleatoric,frozen,0.5284241030817892,0.5493161545743981,0.1375,0.2195102649000067,0.2195102649000067,0.04195804195804196
60000,3,decorrelated,total,frozen,0.4994156172356413,0.4593272093225028,0.14375,0.2195102649000067,0.2195102649000067,0.04195804195804196
60000,3,decorrelated,point,frozen,0.5219098954865475,0.48935930530552857,0.1875,0.2195102649000067,0.2195102649000067,0.04195804195804196
60000,3,decorrelated,shuffled,frozen,0.46647965661135277,0.4950405547114869,0.33125,0.2195102649000067,0.2195102649000067,0.04195804195804196
60000,3,decorrelated,uniform,frozen,0.4588987502819033,0.5227729378398586,0.36875,0.2195102649000067,0.2195102649000067,0.04195804195804196
60000,3,decorrelated,count,frozen,0.5030663917213701,0.5369789872197621,0.225,0.2195102649000067,0.2195102649000067,0.04195804195804196
60000,3,decorrelated,epistemic,online,0.5193517010330477,0.5148208694827718,0.175,0.19605126011921867,0.1863060670841655,0.04195804195804196
60000,3,decorrelated,aleatoric,online,0.518777970383717,0.4895724230639045,0.14375,0.2037857569276334,0.19384566443373005,0.04195804195804196
60000,3,decorrelated,total,online,0.5124030220850279,0.48655913763437975,0.1875,0.20601382680967467,0.1864120661805785,0.04195804195804196
60000,3,decorrelated,point,online,0.4993898813367454,0.5005212826439227,0.2375,0.20807748619705854,0.18958535205402216,0.04195804195804196
60000,3,decorrelated,shuffled,online,0.48838463712033897,0.5264394729376917,0.25625,0.20652089045153202,0.18873649194965292,0.04195804195804196
60000,3,decorrelated,uniform,online,0.5415529778216144,0.5593868734176831,0.15,0.19228998363252586,0.18256680779080928,0.04195804195804196
60000,3,decorrelated,count,online,0.5182422967473155,0.5378431352865631,0.21875,0.19596265141287325,0.18461697947276712,0.04195804195804196
60000,3,anti,epistemic,frozen,0.49214873804194265,0.5190137305358038,0.0,0.17018083685758437,0.17018083685758437,-1.0
60000,3,anti,aleatoric,frozen,0.5291060700545958,0.5511188016118398,0.0,0.17018083685758437,0.17018083685758437,-1.0
60000,3,anti,total,frozen,0.5127521690695244,0.5134297837815803,0.0,0.17018083685758437,0.17018083685758437,-1.0
60000,3,anti,point,frozen,0.5628796776103826,0.5747872284127025,0.0,0.17018083685758437,0.17018083685758437,-1.0
60000,3,anti,shuffled,frozen,0.554374835755814,0.5273685480030302,0.0,0.17018083685758437,0.17018083685758437,-1.0
60000,3,anti,uniform,frozen,0.5887753977887988,0.5693295615675096,0.0,0.17018083685758437,0.17018083685758437,-1.0
60000,3,anti,count,frozen,0.5597595200435437,0.5750199548158083,0.0,0.17018083685758437,0.17018083685758437,-1.0
60000,3,anti,epistemic,online,0.5148607320148352,0.5382455859275833,0.0,0.1453576012354496,0.1216822145816373,-1.0
60000,3,anti,aleatoric,online,0.5209275704919581,0.5393852814501127,0.0,0.15182024776082612,0.12653044003224587,-1.0
60000,3,anti,total,online,0.5668413669789711,0.5904460861655942,0.0,0.14167531864854296,0.11182466325790304,-1.0
60000,3,anti,point,online,0.5840698197130822,0.5980148357728765,0.0,0.1377976945936956,0.1160191175907065,-1.0
60000,3,anti,shuffled,online,0.5662054711879687,0.5542961627197982,0.0,0.13661919726171612,0.11824472374813677,-1.0
60000,3,anti,uniform,online,0.5318022927622206,0.5642867857203802,0.0,0.1410436970323477,0.12427317370014912,-1.0
60000,3,anti,count,online,0.5698686540279121,0.5419736755658506,0.0,0.13376817434288774,0.11532062264987336,-1.0
60001,1,aligned,epistemic,frozen,0.6384699101479424,0.5649200869108155,0.05625,0.17762466806891802,0.17762466806891805,1.0
60001,1,aligned,aleatoric,frozen,0.5838918996097516,0.5458190271242517,0.09375,0.17762466806891802,0.17762466806891805,1.0
60001,1,aligned,total,frozen,0.6128881057796763,0.5815575766490012,0.075,0.17762466806891802,0.17762466806891805,1.0
60001,1,aligned,point,frozen,0.5118736507915003,0.552685881557921,0.11875,0.17762466806891802,0.17762466806891805,1.0
60001,1,aligned,shuffled,frozen,0.47021461110785107,0.45582085621683976,0.30625,0.17762466806891802,0.17762466806891805,1.0
60001,1,aligned,uniform,frozen,0.5490454268232725,0.5501586692133221,0.175,0.17762466806891802,0.17762466806891805,1.0
60001,1,aligned,count,frozen,0.5286035466766477,0.5684822306856768,0.11875,0.17762466806891802,0.17762466806891805,1.0
60001,1,aligned,epistemic,online,0.6012222943319208,0.5253334908391213,0.11875,0.143984204382057,0.1224788538220584,1.0
60001,1,aligned,aleatoric,online,0.5897375135080465,0.622054237243252,0.01875,0.14797634379630675,0.1619876843845742,1.0
60001,1,aligned,total,online,0.5834770266258493,0.5147741635232261,0.075,0.14756404342079246,0.13168900814874365,1.0
60001,1,aligned,point,online,0.5489220172580626,0.5959021317528517,0.13125,0.14452928800271034,0.1467842972149394,1.0
60001,1,aligned,shuffled,online,0.5274418674876514,0.5796181972058424,0.08125,0.15063106011844588,0.15013536885547235,1.0
60001,1,aligned,uniform,online,0.5749666816087633,0.580556063309617,0.01875,0.14773697366142294,0.14232507805636074,1.0
60001,1,aligned,count,online,0.5273096195674916,0.5194148801821654,0.10625,0.14691530593404986,0.1335109025540019,1.0
60001,1,decorrelated,epistemic,frozen,0.5083019609725644,0.5603260692608476,0.0,0.17661345560508915,0.17661345560508915,-0.013986013986013986
60001,1,decorrelated,aleatoric,frozen,0.5253706615482342,0.5953481927564923,0.0,0.17661345560508915,0.17661345560508915,-0.013986013986013986
60001,1,decorrelated,total,frozen,0.5054255860652735,0.48939515627619434,0.0,0.17661345560508915,0.17661345560508915,-0.013986013986013986
60001,1,decorrelated,point,frozen,0.5687358087020377,0.5703210440176724,0.0,0.17661345560508915,0.17661345560508915,-0.013986013986013986
60001,1,decorrelated,shuffled,frozen,0.4693654060853135,0.46603790302886894,0.0,0.17661345560508915,0.17661345560508915,-0.013986013986013986
60001,1,decorrelated,uniform,frozen,0.5524822714378755,0.5534808645473968,0.0,0.17661345560508915,0.17661345560508915,-0.013986013986013986
60001,1,decorrelated,count,frozen,0.5147240867350588,0.4815419666890738,0.0,0.17661345560508915,0.17661345560508915,-0.013986013986013986
60001,1,decorrelated,epistemic,online,0.5517241166794775,0.5895703337313714,0.0,0.1536706343251303,0.1358175979499164,-0.013986013986013986
60001,1,decorrelated,aleatoric,online,0.5660763188551111,0.5486957959176709,0.0,0.14863117343848248,0.13647654963358916,-0.013986013986013986
60001,1,decorrelated,total,online,0.5584337071837044,0.5803308487003903,0.0,0.14766012481668556,0.13683329803648944,-0.013986013986013986
60001,1,decorrelated,point,online,0.5498683084917415,0.5780877154562978,0.0,0.15063070151846195,0.13596947035457718,-0.013986013986013986
60001,1,decorrelated,shuffled,online,0.5563922485153572,0.6088966081271618,0.0,0.14920166513160749,0.1382954213110025,-0.013986013986013986
60001,1,decorrelated,uniform,online,0.5031564915423198,0.5614511078256044,0.0,0.1568890188707892,0.14377978859470839,-0.013986013986013986
60001,1,decorrelated,count,online,0.5406365214892105,0.5891150984981085,0.0,0.1504325862800477,0.13825273371918448,-0.013986013986013986
60001,1,anti,epistemic,frozen,0.41153008985205763,0.4850799130891845,0.0,0.16807180306719055,0.16807180306719052,-1.0
60001,1,anti,aleatoric,frozen,0.46610810039024847,0.5041809728757484,0.0,0.16807180306719055,0.16807180306719052,-1.0
60001,1,anti,total,frozen,0.43711189422032365,0.4684424233509989,0.0,0.16807180306719055,0.16807180306719052,-1.0
60001,1,anti,point,frozen,0.5381263492084998,0.49731411844207896,0.0,0.16807180306719055,0.16807180306719052,-1.0
60001,1,anti,shuffled,frozen,0.5797853888921489,0.5941791437831603,0.0,0.16807180306719055,0.16807180306719052,-1.0
60001,1,anti,uniform,frozen,0.5009545731767275,0.49984133078667786,0.0,0.16807180306719055,0.16807180306719052,-1.0
60001,1,anti,count,frozen,0.5213964533233523,0.4815177693143232,0.0,0.16807180306719055,0.16807180306719052,-1.0
60001,1,anti,epistemic,online,0.4948254390224191,0.5331080581938735,0.0,0.1463412100984914,0.1291058385547142,-1.0
60001,1,anti,aleatoric,online,0.4918912714486269,0.5050495964384194,0.0,0.146313308281056,0.14073240462337924,-1.0
60001,1,anti,total,online,0.5094688225084069,0.5490888117602323,0.0,0.1468503895274204,0.13666633182745438,-1.0
60001,1,anti,point,online,0.5313968824718099,0.5126857745809004,0.0,0.14554969034407045,0.13369369674949694,-1.0
60001,1,anti,shuffled,online,0.5133126928460643,0.5480548728098281,0.0,0.1453543962320302,0.1364810937844274,-1.0
60001,1,anti,uniform,online,0.5300140262566281,0.5231429200295127,0.0,0.14666130888506118,0.13016412148434728,-1.0
60001,1,anti,count,online,0.542286140995406,0.5596638111942475,0.0,0.1453872791921013,0.13633496388117242,-1.0
60001,2,aligned,epistemic,frozen,0.6235087407183397,0.6195206514698859,0.0625,0.19003206328593522,0.19003206328593525,1.0
60001,2,aligned,aleatoric,frozen,0.5800288747299988,0.5234912157228451,0.1125,0.19003206328593522,0.19003206328593525,1.0
60001,2,aligned,total,frozen,0.628255888709268,0.6217125432395437,0.05,0.19003206328593522,0.19003206328593525,1.0
60001,2,aligned,point,frozen,0.5423211482608824,0.5492750365928872,0.1625,0.19003206328593522,0.19003206328593525,1.0
60001,2,aligned,shuffled,frozen,0.5568375896725468,0.5149430722993367,0.11875,0.19003206328593522,0.19003206328593525,1.0
60001,2,aligned,uniform,frozen,0.5193556459243991,0.49062811459389233,0.06875,0.19003206328593522,0.19003206328593525,1.0
60001,2,aligned,count,frozen,0.557624157350192,0.5718849380069585,0.08125,0.19003206328593522,0.19003206328593525,1.0
60001,2,aligned,epistemic,online,0.5935114250419635,0.5969238512764867,0.08125,0.14892992123191445,0.12776602286347918,1.0
60001,2,aligned,aleatoric,online,0.6246333127501178,0.630068763479996,0.0875,0.14233391089425035,0.12863756890323425,1.0
60001,2,aligned,total,online,0.6104966873184544,0.6155087861396208,0.08125,0.13996411292367278,0.1265390649090036,1.0
60001,2,aligned,point,online,0.583728816431505,0.5815238621001885,0.05625,0.14253737736520566,0.12185450461865266,1.0
60001,2,aligned,shuffled,online,0.5188876555163825,0.5889677719101962,0.1875,0.1563219940776453,0.13190452756978607,1.0
60001,2,aligned,uniform,online,0.47617520462168894,0.5248145695829601,0.35,0.1785637018769895,0.12841168202021894,1.0
60001,2,aligned,count,online,0.5419009798404689,0.5599418846958925,0.09375,0.14883835104430848,0.1220219092353808,1.0
60001,2,decorrelated,epistemic,frozen,0.5809436339456382,0.559969285834957,0.0,0.1502571223697007,0.1502571223697007,0.04195804195804196
60001,2,decorrelated,aleatoric,frozen,0.6072374582999158,0.6172457933272488,0.0,0.1502571223697007,0.1502571223697007,0.04195804195804196
60001,2,decorrelated,total,frozen,0.5960596963955261,0.6025595116074428,0.0,0.1502571223697007,0.1502571223697007,0.04195804195804196
60001,2,decorrelated,point,frozen,0.5977643632857188,0.5981469360457998,0.0,0.1502571223697007,0.1502571223697007,0.04195804195804196
60001,2,decorrelated,shuffled,frozen,0.5691099180199833,0.5680022735719781,0.0,0.1502571223697007,0.1502571223697007,0.04195804195804196
60001,2,decorrelated,uniform,frozen,0.5908117076075522,0.5920182991936495,0.0,0.1502571223697007,0.1502571223697007,0.04195804195804196
60001,2,decorrelated,count,frozen,0.5554226139710281,0.5380371885033248,0.0,0.1502571223697007,0.1502571223697007,0.04195804195804196
60001,2,decorrelated,epistemic,online,0.5899736012662677,0.5827637075618132,0.0,0.10922927233086388,0.10861125265603468,0.04195804195804196
60001,2,decorrelated,aleatoric,online,0.6163315258888888,0.6222867877531566,0.0,0.10997205439228468,0.10016723374671521,0.04195804195804196
60001,2,decorrelated,total,online,0.6220207919507846,0.6495236802043804,0.0,0.11309904675488106,0.1067746353118791,0.04195804195804196
60001,2,decorrelated,point,online,0.5695327321843792,0.5416704197225976,0.0,0.10585787979909518,0.10173598567935722,0.04195804195804196
60001,2,decorrelated,shuffled,online,0.5979256386884476,0.6132371978445595,0.0,0.1143925281963332,0.11708547913170497,0.04195804195804196
60001,2,decorrelated,uniform,online,0.6643468045534717,0.6279854339569624,0.0,0.11927529024347461,0.11602162104284136,0.04195804195804196
60001,2,decorrelated,count,online,0.5669346389520975,0.5936704272318176,0.0,0.10801025083844991,0.101361470928146,0.04195804195804196
60001,2,anti,epistemic,frozen,0.4264912592816604,0.43047934853011416,0.26875,0.19046062880756148,0.1904606288075615,-1.0
60001,2,anti,aleatoric,frozen,0.46997112527000134,0.526508784277155,0.375,0.19046062880756148,0.1904606288075615,-1.0
60001,2,anti,total,frozen,0.4217441112907322,0.4282874567604564,0.275,0.19046062880756148,0.1904606288075615,-1.0
60001,2,anti,point,frozen,0.5076788517391175,0.5007249634071129,0.1875,0.19046062880756148,0.1904606288075615,-1.0
60001,2,anti,shuffled,frozen,0.4931624103274531,0.5350569277006633,0.06875,0.19046062880756148,0.1904606288075615,-1.0
60001,2,anti,uniform,frozen,0.5306443540756008,0.5593718854061077,0.075,0.19046062880756148,0.1904606288075615,-1.0
60001,2,anti,count,frozen,0.492375842649808,0.4781150619930415,0.1875,0.19046062880756148,0.1904606288075615,-1.0
60001,2,anti,epistemic,online,0.5233543910786096,0.5367765823795482,0.15625,0.1632167993254326,0.14436182675277395,-1.0
60001,2,anti,aleatoric,online,0.507484978505611,0.5771295974661416,0.2375,0.16554453036369302,0.1392132026410707,-1.0
60001,2,anti,total,online,0.5055987781373216,0.5317360961669839,0.2125,0.165242635699609,0.1450191172460655,-1.0
60001,2,anti,point,online,0.5222846046912771,0.5305516967875671,0.1,0.16366798095591775,0.14288880761768255,-1.0
60001,2,anti,shuffled,online,0.5667703429547808,0.5941391408574264,0.1375,0.15568350039123122,0.1425053232573327,-1.0
60001,2,anti,uniform,online,0.630499776490103,0.5873619389757796,0.125,0.1529089808456054,0.13704916534415224,-1.0
60001,2,anti,count,online,0.5404550094243957,0.5451233888677303,0.1,0.16061977546927503,0.14493668400013052,-1.0
60001,3,aligned,epistemic,frozen,0.6151381436459202,0.6024333514125458,0.05625,0.21392692997228696,0.2139269299722869,1.0
60001,3,aligned,aleatoric,frozen,0.599021359045586,0.6306135235011362,0.03125,0.21392692997228696,0.2139269299722869,1.0
60001,3,aligned,total,frozen,0.5927963927899873,0.5156422058387176,0.06875,0.21392692997228696,0.2139269299722869,1.0
60001,3,aligned,point,frozen,0.531636711943759,0.5621627939231612,0.14375,0.21392692997228696,0.2139269299722869,1.0
60001,3,aligned,shuffled,frozen,0.5176574999862087,0.5182365557623965,0.05625,0.21392692997228696,0.2139269299722869,1.0
60001,3,aligned,uniform,frozen,0.45389291451419533,0.483924953727594,0.26875,0.21392692997228696,0.2139269299722869,1.0
60001,3,aligned,count,frozen,0.5046313038688044,0.4921430020129998,0.11875,0.21392692997228696,0.2139269299722869,1.0
60001,3,aligned,epistemic,online,0.5587111539320843,0.520012691281267,0.13125,0.16973103089648398,0.15044720642544382,1.0
60001,3,aligned,aleatoric,online,0.6011398816751351,0.5947606656271903,0.0625,0.17734964728897223,0.15925102779694225,1.0
60001,3,aligned,total,online,0.5724517069270945,0.5763141601766424,0.11875,0.1724914199239701,0.14862114611538535,1.0
60001,3,aligned,point,online,0.53375326233192,0.5165873650028241,0.11875,0.17427008011717504,0.16345735632064398,1.0
60001,3,aligned,shuffled,online,0.5621743438169033,0.5326098600757921,0.08125,0.18910181179800029,0.16760884419108737,1.0
60001,3,aligned,uniform,online,0.49114600413892073,0.503337755613647,0.1125,0.17977673880114975,0.17747342997023882,1.0
60001,3,aligned,count,online,0.52867057133527,0.5119804377552999,0.14375,0.1759918775985559,0.16286344704288058,1.0
60001,3,decorrelated,epistemic,frozen,0.5802390747277383,0.585886729465282,0.0625,0.17754293854110229,0.17754293854110229,0.034965034965034975
60001,3,decorrelated,aleatoric,frozen,0.5948018570573638,0.6050112399631524,0.1,0.17754293854110229,0.17754293854110229,0.034965034965034975
60001,3,decorrelated,total,frozen,0.571671685676535,0.5556448257717711,0.09375,0.17754293854110229,0.17754293854110229,0.034965034965034975
60001,3,decorrelated,point,frozen,0.5595043099947895,0.5463784818760745,0.1,0.17754293854110229,0.17754293854110229,0.034965034965034975
60001,3,decorrelated,shuffled,frozen,0.5458603820302299,0.56608244275453,0.15,0.17754293854110229,0.17754293854110229,0.034965034965034975
60001,3,decorrelated,uniform,frozen,0.5272084590249746,0.5413718554687303,0.09375,0.17754293854110229,0.17754293854110229,0.034965034965034975
60001,3,decorrelated,count,frozen,0.5457264292070932,0.5424446242812574,0.125,0.17754293854110229,0.17754293854110229,0.034965034965034975
60001,3,decorrelated,epistemic,online,0.5583471377025706,0.5132523977395325,0.0875,0.1402518806899496,0.13519188185838416,0.034965034965034975
60001,3,decorrelated,aleatoric,online,0.6109698836516537,0.6019827730701698,0.08125,0.14007264130200828,0.1408712684695825,0.034965034965034975
60001,3,decorrelated,total,online,0.5570178400926802,0.5845698401888783,0.1,0.1453138808782714,0.13393223343172203,0.034965034965034975
60001,3,decorrelated,point,online,0.5725783710052952,0.6002290712734919,0.10625,0.13864868403269393,0.13185976791825046,0.034965034965034975
60001,3,decorrelated,shuffled,online,0.5801495772376093,0.5256772053154337,0.1,0.14398861211461536,0.13270135478423115,0.034965034965034975
60001,3,decorrelated,uniform,online,0.529844128803077,0.5955511221023915,0.20625,0.14362124594330727,0.12940316009584846,0.034965034965034975
60001,3,decorrelated,count,online,0.5540448904128843,0.5667808426452836,0.10625,0.13780566347874057,0.13038457704755024,0.034965034965034975
60001,3,anti,epistemic,frozen,0.4348618563540798,0.4475666485874542,0.0,0.18652354872771637,0.18652354872771637,-1.0
60001,3,anti,aleatoric,frozen,0.4509786409544141,0.41938647649886374,0.0,0.18652354872771637,0.18652354872771637,-1.0
60001,3,anti,total,frozen,0.45720360721001274,0.5343577941612824,0.0,0.18652354872771637,0.18652354872771637,-1.0
60001,3,anti,point,frozen,0.5183632880562409,0.48783720607683884,0.0,0.18652354872771637,0.18652354872771637,-1.0
60001,3,anti,shuffled,frozen,0.5323425000137914,0.5317634442376036,0.0,0.18652354872771637,0.18652354872771637,-1.0
60001,3,anti,uniform,frozen,0.5961070854858047,0.566075046272406,0.0,0.18652354872771637,0.18652354872771637,-1.0
60001,3,anti,count,frozen,0.5453686961311955,0.5578569979870002,0.0,0.18652354872771637,0.18652354872771637,-1.0
60001,3,anti,epistemic,online,0.5246154984690348,0.6067319322615998,0.0,0.15348209180922806,0.11824940509257004,-1.0
60001,3,anti,aleatoric,online,0.4975942034806378,0.5348239595699323,0.0,0.1546869278416994,0.12316772404808023,-1.0
60001,3,anti,total,online,0.5506592827962522,0.5510577520072244,0.0,0.14132583787812464,0.10630608864187385,-1.0
60001,3,anti,point,online,0.5815128514924804,0.6034056000648781,0.0,0.13494104155092496,0.11116528983773821,-1.0
60001,3,anti,shuffled,online,0.5377051100878661,0.5771928058491944,0.0,0.1480186922253278,0.11173480582132593,-1.0
60001,3,anti,uniform,online,0.574212867265157,0.6198632986037372,0.0,0.14118631702261095,0.12040355828781417,-1.0
60001,3,anti,count,online,0.5606800018594102,0.6031032100367757,0.0,0.13581916306285508,0.11310962946728298,-1.0
60002,1,aligned,epistemic,frozen,0.6171190919518794,0.6218403695439073,0.0,0.16529769636734734,0.16529769636734734,1.0
60002,1,aligned,aleatoric,frozen,0.5774898393488714,0.5982834137090749,0.0,0.16529769636734734,0.16529769636734734,1.0
60002,1,aligned,total,frozen,0.6287526947642099,0.6218463253518483,0.0,0.16529769636734734,0.16529769636734734,1.0
60002,1,aligned,point,frozen,0.5108596203375343,0.5089278302290611,0.0,0.16529769636734734,0.16529769636734734,1.0
60002,1,aligned,shuffled,frozen,0.5328965983896713,0.4996116677644487,0.0,0.16529769636734734,0.16529769636734734,1.0
60002,1,aligned,uniform,frozen,0.5383371126174368,0.5106726884812847,0.0,0.16529769636734734,0.16529769636734734,1.0
60002,1,aligned,count,frozen,0.5232995229919581,0.5375291496703796,0.0,0.16529769636734734,0.16529769636734734,1.0
60002,1,aligned,epistemic,online,0.5903370135453819,0.5700317109211379,0.0,0.15428208068743626,0.14470199162230457,1.0
60002,1,aligned,aleatoric,online,0.599949101683103,0.6166143780517008,0.0,0.15423553876506246,0.14202479083989908,1.0
60002,1,aligned,total,online,0.5967394935970468,0.6117712128258699,0.0,0.15396738304452784,0.144147781767383,1.0
60002,1,aligned,point,online,0.5433592979247448,0.5511437776722905,0.0,0.1542335533406652,0.14878304400274323,1.0
60002,1,aligned,shuffled,online,0.5211708097224241,0.5108547054286416,0.0,0.16023442408100386,0.15170751714500724,1.0
60002,1,aligned,uniform,online,0.5468402377609425,0.5762419326047721,0.0,0.15871640107004759,0.15374072256611027,1.0
60002,1,aligned,count,online,0.5413582626786486,0.5428981558809817,0.0,0.15431595052846725,0.14400647442628575,1.0
60002,1,decorrelated,epistemic,frozen,0.5782696475654918,0.5836091437494181,0.0,0.16522790740885848,0.16522790740885848,0.034965034965034975
60002,1,decorrelated,aleatoric,frozen,0.5117252646438596,0.5314600404979121,0.0,0.16522790740885848,0.16522790740885848,0.034965034965034975
60002,1,decorrelated,total,frozen,0.563987785600229,0.5465198322749147,0.0,0.16522790740885848,0.16522790740885848,0.034965034965034975
60002,1,decorrelated,point,frozen,0.5683594051991827,0.5850375362629463,0.0,0.16522790740885848,0.16522790740885848,0.034965034965034975
60002,1,decorrelated,shuffled,frozen,0.4819071479030207,0.512940966728455,0.0,0.16522790740885848,0.16522790740885848,0.034965034965034975
60002,1,decorrelated,uniform,frozen,0.4718556965418366,0.47514899768698005,0.0,0.16522790740885848,0.16522790740885848,0.034965034965034975
60002,1,decorrelated,count,frozen,0.5551957894305177,0.5287821417265899,0.0,0.16522790740885848,0.16522790740885848,0.034965034965034975
60002,1,decorrelated,epistemic,online,0.5802067608441748,0.623602471943693,0.0,0.14192602176102387,0.14945713563878052,0.034965034965034975
60002,1,decorrelated,aleatoric,online,0.5747833405929192,0.6006435243328937,0.0,0.14524490845361923,0.13951361393452802,0.034965034965034975
60002,1,decorrelated,total,online,0.5629060897227491,0.5842857904981612,0.0,0.14308928296005252,0.14121320696005552,0.034965034965034975
60002,1,decorrelated,point,online,0.566671106026073,0.5426840531557481,0.0,0.14413906844382707,0.13881215920104747,0.034965034965034975
60002,1,decorrelated,shuffled,online,0.5555727985637461,0.5823816317988332,0.0,0.14825029085167438,0.14288958760133974,0.034965034965034975
60002,1,decorrelated,uniform,online,0.5048603919502443,0.5545230721832228,0.0,0.14216109939219218,0.13462402444231797,0.034965034965034975
60002,1,decorrelated,count,online,0.5476822557392975,0.5297162047366181,0.0,0.14858323616948121,0.13781047118183057,0.034965034965034975
60002,1,anti,epistemic,frozen,0.4328809080481205,0.4281596304560928,0.28125,0.16377642899747133,0.16377642899747136,-1.0
60002,1,anti,aleatoric,frozen,0.4725101606511286,0.4517165862909251,0.11875,0.16377642899747133,0.16377642899747136,-1.0
60002,1,anti,total,frozen,0.4212473052357901,0.4281536746481517,0.23125,0.16377642899747133,0.16377642899747136,-1.0
60002,1,anti,point,frozen,0.5391403796624656,0.5410721697709391,0.125,0.16377642899747133,0.16377642899747136,-1.0
60002,1,anti,shuffled,frozen,0.5171034016103288,0.5503883322355513,0.08125,0.16377642899747133,0.16377642899747136,-1.0
60002,1,anti,uniform,frozen,0.5116628873825632,0.5393273115187155,0.1,0.16377642899747133,0.16377642899747136,-1.0
60002,1,anti,count,frozen,0.5267004770080419,0.5124708503296205,0.09375,0.16377642899747133,0.16377642899747136,-1.0
60002,1,anti,epistemic,online,0.4692585699215012,0.485521815602249,0.16875,0.15372276514407063,0.14517992595635296,-1.0
60002,1,anti,aleatoric,online,0.5005780922337617,0.5171345907372726,0.1125,0.1505784104641697,0.14566406980147314,-1.0
60002,1,anti,total,online,0.4612365074156132,0.4683199063353996,0.1625,0.15007486253139196,0.13975605799460286,-1.0
60002,1,anti,point,online,0.5298643231900118,0.5520709302954763,0.11875,0.15168872095483302,0.14842149211441052,-1.0
60002,1,anti,shuffled,online,0.5381920855039246,0.5597477584452948,0.075,0.15214722165050085,0.15077827820037068,-1.0
60002,1,anti,uniform,online,0.5083152505807973,0.5023754253358144,0.08125,0.1459345424134284,0.14067794176627985,-1.0
60002,1,anti,count,online,0.5334469434858039,0.5413650268950645,0.08125,0.14877722319516393,0.14875341177566012,-1.0
60002,2,aligned,epistemic,frozen,0.5749910310140669,0.5734215179866307,0.0,0.19313045232481432,0.19313045232481432,1.0
60002,2,aligned,aleatoric,frozen,0.5753247127949506,0.5265326365024883,0.0,0.19313045232481432,0.19313045232481432,1.0
60002,2,aligned,total,frozen,0.5711354027819214,0.5674602461915008,0.0,0.19313045232481432,0.19313045232481432,1.0
60002,2,aligned,point,frozen,0.5053692034779399,0.48494304580184605,0.0,0.19313045232481432,0.19313045232481432,1.0
60002,2,aligned,shuffled,frozen,0.5297773988800326,0.5485712394608832,0.0,0.19313045232481432,0.19313045232481432,1.0
60002,2,aligned,uniform,frozen,0.48344610944230587,0.5073310589469232,0.0,0.19313045232481432,0.19313045232481432,1.0
60002,2,aligned,count,frozen,0.5114776944050072,0.513679393452916,0.0,0.19313045232481432,0.19313045232481432,1.0
60002,2,aligned,epistemic,online,0.5648809700574813,0.5810109907319928,0.0,0.15947556328142926,0.13864332254527412,1.0
60002,2,aligned,aleatoric,online,0.5681001260632831,0.5743771489037007,0.0,0.16081875614422908,0.13796820162143,1.0
60002,2,aligned,total,online,0.5942657036691757,0.5773153726557139,0.0,0.15836149495061408,0.13792262744469239,1.0
60002,2,aligned,point,online,0.528575767692189,0.5670159151756112,0.0,0.15979268499199767,0.139419665802548,1.0
60002,2,aligned,shuffled,online,0.5437669413872088,0.5973165674862198,0.0,0.15744545571374663,0.13231443320820863,1.0
60002,2,aligned,uniform,online,0.5292123237505659,0.5074592906052651,0.0,0.16657056926232144,0.1444764125960932,1.0
60002,2,aligned,count,online,0.5445695500401704,0.6079444957358668,0.0,0.16128350421995488,0.13913407564092076,1.0
60002,2,decorrelated,epistemic,frozen,0.5290585650017541,0.5537291029053361,0.0,0.15368919544826512,0.15368919544826512,-0.013986013986013986
60002,2,decorrelated,aleatoric,frozen,0.5499848719657412,0.5407493263291447,0.0,0.15368919544826512,0.15368919544826512,-0.013986013986013986
60002,2,decorrelated,total,frozen,0.5309237858730573,0.49784688610603417,0.0,0.15368919544826512,0.15368919544826512,-0.013986013986013986
60002,2,decorrelated,point,frozen,0.5531132029854758,0.5640125434947862,0.0,0.15368919544826512,0.15368919544826512,-0.013986013986013986
60002,2,decorrelated,shuffled,frozen,0.562303176114027,0.5714136485445129,0.0,0.15368919544826512,0.15368919544826512,-0.013986013986013986
60002,2,decorrelated,uniform,frozen,0.5644759425049314,0.5701542978599505,0.0,0.15368919544826512,0.15368919544826512,-0.013986013986013986
60002,2,decorrelated,count,frozen,0.5374790732375109,0.49776310754877606,0.0,0.15368919544826512,0.15368919544826512,-0.013986013986013986
60002,2,decorrelated,epistemic,online,0.5512971843108604,0.5689929650695925,0.0,0.13459347022175128,0.1301746817017236,-0.013986013986013986
60002,2,decorrelated,aleatoric,online,0.5626018855224775,0.5578906784748074,0.0,0.1475886192496954,0.14774679350100015,-0.013986013986013986
60002,2,decorrelated,total,online,0.542692211899557,0.5559513330926541,0.0,0.1357887562376034,0.1388796204305269,-0.013986013986013986
60002,2,decorrelated,point,online,0.531093356679844,0.5212564373797294,0.0,0.13477362631134207,0.12842020573914162,-0.013986013986013986
60002,2,decorrelated,shuffled,online,0.5190912141484839,0.5354732002402219,0.0,0.13233653210192015,0.12710696280529363,-0.013986013986013986
60002,2,decorrelated,uniform,online,0.5691368506272791,0.53250709696133,0.0,0.13804739073383593,0.12870214041055875,-0.013986013986013986
60002,2,decorrelated,count,online,0.5280609280678235,0.54568912991887,0.0,0.13319761578600314,0.1340847248264053,-0.013986013986013986
60002,2,anti,epistemic,frozen,0.47500896898593314,0.47657848201336944,0.225,0.17600743468401753,0.17600743468401756,-1.0
60002,2,anti,aleatoric,frozen,0.4746752872050495,0.5234673634975117,0.275,0.17600743468401753,0.17600743468401756,-1.0
60002,2,anti,total,frozen,0.47886459721807856,0.4825397538084992,0.19375,0.17600743468401753,0.17600743468401756,-1.0
60002,2,anti,point,frozen,0.5446307965220601,0.565056954198154,0.1125,0.17600743468401753,0.17600743468401756,-1.0
60002,2,anti,shuffled,frozen,0.5202226011199672,0.5014287605391169,0.11875,0.17600743468401753,0.17600743468401756,-1.0
60002,2,anti,uniform,frozen,0.566553890557694,0.542668941053077,0.0875,0.17600743468401753,0.17600743468401756,-1.0
60002,2,anti,count,frozen,0.5385223055949926,0.5363206065470839,0.10625,0.17600743468401753,0.17600743468401756,-1.0
60002,2,anti,epistemic,online,0.5309640875819169,0.5652900041420615,0.1125,0.14599856836110683,0.12757499733459154,-1.0
60002,2,anti,aleatoric,online,0.5378524972581251,0.547292207097755,0.18125,0.1346074046471677,0.12245483275695619,-1.0
60002,2,anti,total,online,0.5234596794259614,0.5839761394319833,0.15625,0.14587262934830553,0.1298461777083176,-1.0
60002,2,anti,point,online,0.5677421062957375,0.5545044647976922,0.10625,0.14267915618436436,0.1261721883138149,-1.0
60002,2,anti,shuffled,online,0.5659392633158886,0.5525270047958856,0.1125,0.13748335209357399,0.11916091636102843,-1.0
60002,2,anti,uniform,online,0.545971583955976,0.5578227627724539,0.06875,0.14498660577342032,0.12460456645692584,-1.0
60002,2,anti,count,online,0.5470671872152719,0.5180919034937241,0.1,0.14040040755808889,0.12383031072502411,-1.0
60002,3,aligned,epistemic,frozen,0.5694110626563713,0.5353865272447142,0.05625,0.2085067270940017,0.20850672709400164,1.0
60002,3,aligned,aleatoric,frozen,0.5800615447177278,0.5678657234372941,0.08125,0.2085067270940017,0.20850672709400164,1.0
60002,3,aligned,total,frozen,0.5836080699432353,0.5639136740665875,0.08125,0.2085067270940017,0.20850672709400164,1.0
60002,3,aligned,point,frozen,0.5088317059330458,0.49391205763997414,0.1,0.2085067270940017,0.20850672709400164,1.0
60002,3,aligned,shuffled,frozen,0.5219028630918552,0.5467039294650574,0.0875,0.2085067270940017,0.20850672709400164,1.0
60002,3,aligned,uniform,frozen,0.48358899748358103,0.44143310672864444,0.06875,0.2085067270940017,0.20850672709400164,1.0
60002,3,aligned,count,frozen,0.49978808020014354,0.5033617767816072,0.1125,0.2085067270940017,0.20850672709400164,1.0
60002,3,aligned,epistemic,online,0.5556955635263436,0.536825626288257,0.11875,0.17586811868623967,0.15682765757909256,1.0
60002,3,aligned,aleatoric,online,0.5664004903140587,0.5247238712970921,0.1,0.18469339155709252,0.1771098045504557,1.0
60002,3,aligned,total,online,0.5656845191687752,0.5498806169434077,0.08125,0.17535534042776216,0.1694228357267692,1.0
60002,3,aligned,point,online,0.5104221644655631,0.5265021595301572,0.15625,0.18104848166027548,0.16127788835985174,1.0
60002,3,aligned,shuffled,online,0.4806334016742001,0.49660051931920374,0.14375,0.19180528795785504,0.18201978132053273,1.0
60002,3,aligned,uniform,online,0.4837868216638295,0.5059889591466066,0.125,0.17934850038294753,0.16630713826617266,1.0
60002,3,aligned,count,online,0.5449170293258179,0.5587545035632336,0.1,0.17698150170186683,0.15780307094118365,1.0
60002,3,decorrelated,epistemic,frozen,0.4733083329059027,0.4884527907685765,0.35,0.22670506081722527,0.22670506081722527,0.04895104895104895
60002,3,decorrelated,aleatoric,frozen,0.41794114706082014,0.4286779086561439,0.4625,0.22670506081722527,0.22670506081722527,0.04895104895104895
60002,3,decorrelated,total,frozen,0.4361921423974259,0.4025971984210418,0.4125,0.22670506081722527,0.22670506081722527,0.04895104895104895
60002,3,decorrelated,point,frozen,0.4683495274348445,0.45030821472667926,0.3625,0.22670506081722527,0.22670506081722527,0.04895104895104895
60002,3,decorrelated,shuffled,frozen,0.45861694517540724,0.42601362805932314,0.35625,0.22670506081722527,0.22670506081722527,0.04895104895104895
60002,3,decorrelated,uniform,frozen,0.5594997466145285,0.5283378107107003,0.14375,0.22670506081722527,0.22670506081722527,0.04895104895104895
60002,3,decorrelated,count,frozen,0.5146693469429445,0.4813163950404668,0.24375,0.22670506081722527,0.22670506081722527,0.04895104895104895
60002,3,decorrelated,epistemic,online,0.4956743364987474,0.5484555012280296,0.29375,0.19165717848533853,0.15533084493783103,0.04895104895104895
60002,3,decorrelated,aleatoric,online,0.43642997499755243,0.43112577657533074,0.475,0.21843642140019695,0.20095376535003726,0.04895104895104895
60002,3,decorrelated,total,online,0.5056574817234301,0.5499370479924732,0.29375,0.18866735787382155,0.1537980722008614,0.04895104895104895
60002,3,decorrelated,point,online,0.49426117945999143,0.47691775301606826,0.325,0.19534366549372467,0.1752033987245459,0.04895104895104895
60002,3,decorrelated,shuffled,online,0.5137582660595947,0.5071301273655754,0.2875,0.1934421866871851,0.18589351844124813,0.04895104895104895
60002,3,decorrelated,uniform,online,0.5074092107593187,0.5028780171365892,0.275,0.18235770086689282,0.17851445709378036,0.04895104895104895
60002,3,decorrelated,count,online,0.5179000530176859,0.541332096348226,0.24375,0.18272754593256058,0.15440290852572572,0.04895104895104895
60002,3,anti,epistemic,frozen,0.4805889373436287,0.5146134727552857,0.0,0.18318167844661878,0.1831816784466188,-1.0
60002,3,anti,aleatoric,frozen,0.4699384552822722,0.482134276562706,0.0,0.18318167844661878,0.1831816784466188,-1.0
60002,3,anti,total,frozen,0.4663919300567647,0.48608632593341233,0.0,0.18318167844661878,0.1831816784466188,-1.0
60002,3,anti,point,frozen,0.5411682940669542,0.5560879423600259,0.0,0.18318167844661878,0.1831816784466188,-1.0
60002,3,anti,shuffled,frozen,0.5280971369081447,0.5032960705349426,0.0,0.18318167844661878,0.1831816784466188,-1.0
60002,3,anti,uniform,frozen,0.566411002516419,0.6085668932713555,0.0,0.18318167844661878,0.1831816784466188,-1.0
60002,3,anti,count,frozen,0.5502119197998565,0.5466382232183926,0.0,0.18318167844661878,0.1831816784466188,-1.0
60002,3,anti,epistemic,online,0.5282551771900768,0.5871977031340596,0.0,0.13148127304226423,0.09689781096413734,-1.0
60002,3,anti,aleatoric,online,0.5250494816598904,0.5644601350164843,0.0,0.13985205264330233,0.10099887823939786,-1.0
60002,3,anti,total,online,0.5176169766997983,0.5698857697146724,0.0,0.13826062739673586,0.09992741823229546,-1.0
60002,3,anti,point,online,0.585706382354579,0.6008978343729561,0.0,0.1234971399831097,0.09511954969619751,-1.0
60002,3,anti,shuffled,online,0.5927056074206903,0.5791152824266927,0.0,0.12130957752930774,0.10211063734300596,-1.0
60002,3,anti,uniform,online,0.5918216343065674,0.6061142426078387,0.0,0.1251076853227392,0.10731648308098905,-1.0
60002,3,anti,count,online,0.5472247781932319,0.5527639390842891,0.0,0.1263196956074378,0.09664383346574545,-1.0
